tokenizer,omitted_issue_date,n_omitted,n_remaining,metric,full_sample,omission_value,pct_change
BETO,20210115,10,390,mediana,819.0,807.5,-1.4041514041513992
BETO,20210115,10,390,P90,9800.400000000009,9693.2,-1.0938329047794793
BETO,20210115,10,390,P95,18110.89999999993,18889.89999999993,4.301277131451253
BETO,20210215,10,390,mediana,819.0,819.0,0.0
BETO,20210215,10,390,P90,9800.400000000009,10223.50000000001,4.317170727725395
BETO,20210215,10,390,P95,18110.89999999993,18889.89999999993,4.301277131451253
BETO,20210415,10,390,mediana,819.0,831.5,1.5262515262515208
BETO,20210415,10,390,P90,9800.400000000009,9693.2,-1.0938329047794793
BETO,20210415,10,390,P95,18110.89999999993,17617.499999999978,-2.7243262344773145
BETO,20210515,10,390,mediana,819.0,831.5,1.5262515262515208
BETO,20210515,10,390,P90,9800.400000000009,9693.2,-1.0938329047794793
BETO,20210515,10,390,P95,18110.89999999993,17941.19999999999,-0.9370047871720355
BETO,20210715,10,390,mediana,819.0,819.0,0.0
BETO,20210715,10,390,P90,9800.400000000009,9800.400000000009,0.0
BETO,20210715,10,390,P95,18110.89999999993,17941.19999999999,-0.9370047871720355
BETO,20210816,10,390,mediana,819.0,819.0,0.0
BETO,20210816,10,390,P90,9800.400000000009,9800.400000000009,0.0
BETO,20210816,10,390,P95,18110.89999999993,18889.89999999993,4.301277131451253
BETO,20211015,10,390,mediana,819.0,845.0,3.1746031746031855
BETO,20211015,10,390,P90,9800.400000000009,9800.400000000009,0.0
BETO,20211015,10,390,P95,18110.89999999993,17941.19999999999,-0.9370047871720355
BETO,20211115,10,390,mediana,819.0,807.5,-1.4041514041513992
BETO,20211115,10,390,P90,9800.400000000009,9800.400000000009,0.0
BETO,20211115,10,390,P95,18110.89999999993,18889.89999999993,4.301277131451253
BETO,20220115,10,390,mediana,819.0,801.5,-2.1367521367521403
BETO,20220115,10,390,P90,9800.400000000009,9800.400000000009,0.0
BETO,20220115,10,390,P95,18110.89999999993,17941.19999999999,-0.9370047871720355
BETO,20220215,10,390,mediana,819.0,831.5,1.5262515262515208
BETO,20220215,10,390,P90,9800.400000000009,10223.50000000001,4.317170727725395
BETO,20220215,10,390,P95,18110.89999999993,18889.89999999993,4.301277131451253
BETO,20220415,10,390,mediana,819.0,819.0,0.0
BETO,20220415,10,390,P90,9800.400000000009,10223.50000000001,4.317170727725395
BETO,20220415,10,390,P95,18110.89999999993,18889.89999999993,4.301277131451253
BETO,20220516,10,390,mediana,819.0,831.5,1.5262515262515208
BETO,20220516,10,390,P90,9800.400000000009,9800.400000000009,0.0
BETO,20220516,10,390,P95,18110.89999999993,18889.89999999993,4.301277131451253
BETO,20220715,10,390,mediana,819.0,807.5,-1.4041514041513992
BETO,20220715,10,390,P90,9800.400000000009,9800.400000000009,0.0
BETO,20220715,10,390,P95,18110.89999999993,17941.19999999999,-0.9370047871720355
BETO,20220815,10,390,mediana,819.0,794.0,-3.0525030525030528
BETO,20220815,10,390,P90,9800.400000000009,9841.90000000002,0.4234521039958583
BETO,20220815,10,390,P95,18110.89999999993,18889.89999999993,4.301277131451253
BETO,20221015,10,390,mediana,819.0,839.5,2.503052503052494
BETO,20221015,10,390,P90,9800.400000000009,10223.50000000001,4.317170727725395
BETO,20221015,10,390,P95,18110.89999999993,18889.89999999993,4.301277131451253
BETO,20221115,10,390,mediana,819.0,839.5,2.503052503052494
BETO,20221115,10,390,P90,9800.400000000009,10223.50000000001,4.317170727725395
BETO,20221115,10,390,P95,18110.89999999993,18889.89999999993,4.301277131451253
BETO,20230116,10,390,mediana,819.0,794.0,-3.0525030525030528
BETO,20230116,10,390,P90,9800.400000000009,8245.700000000028,-15.863638218847997
BETO,20230116,10,390,P95,18110.89999999993,17617.499999999978,-2.7243262344773145
BETO,20230215,10,390,mediana,819.0,845.0,3.1746031746031855
BETO,20230215,10,390,P90,9800.400000000009,10223.50000000001,4.317170727725395
BETO,20230215,10,390,P95,18110.89999999993,18889.89999999993,4.301277131451253
BETO,20230415,10,390,mediana,819.0,819.0,0.0
BETO,20230415,10,390,P90,9800.400000000009,9735.600000000011,-0.6611975021427408
BETO,20230415,10,390,P95,18110.89999999993,18889.89999999993,4.301277131451253
BETO,20230515,10,390,mediana,819.0,819.0,0.0
BETO,20230515,10,390,P90,9800.400000000009,10223.50000000001,4.317170727725395
BETO,20230515,10,390,P95,18110.89999999993,18889.89999999993,4.301277131451253
BETO,20230715,10,390,mediana,819.0,801.5,-2.1367521367521403
BETO,20230715,10,390,P90,9800.400000000009,9375.500000000007,-4.335537325007155
BETO,20230715,10,390,P95,18110.89999999993,17617.499999999978,-2.7243262344773145
BETO,20230815,10,390,mediana,819.0,819.0,0.0
BETO,20230815,10,390,P90,9800.400000000009,10223.50000000001,4.317170727725395
BETO,20230815,10,390,P95,18110.89999999993,18889.89999999993,4.301277131451253
BETO,20231016,10,390,mediana,819.0,801.5,-2.1367521367521403
BETO,20231016,10,390,P90,9800.400000000009,10223.50000000001,4.317170727725395
BETO,20231016,10,390,P95,18110.89999999993,18889.89999999993,4.301277131451253
BETO,20231115,10,390,mediana,819.0,807.5,-1.4041514041513992
BETO,20231115,10,390,P90,9800.400000000009,9800.400000000009,0.0
BETO,20231115,10,390,P95,18110.89999999993,17941.19999999999,-0.9370047871720355
BETO,20240115,10,390,mediana,819.0,807.5,-1.4041514041513992
BETO,20240115,10,390,P90,9800.400000000009,10223.50000000001,4.317170727725395
BETO,20240115,10,390,P95,18110.89999999993,18889.89999999993,4.301277131451253
BETO,20240215,10,390,mediana,819.0,819.0,0.0
BETO,20240215,10,390,P90,9800.400000000009,9800.400000000009,0.0
BETO,20240215,10,390,P95,18110.89999999993,17941.19999999999,-0.9370047871720355
BETO,20240415,10,390,mediana,819.0,839.5,2.503052503052494
BETO,20240415,10,390,P90,9800.400000000009,10223.50000000001,4.317170727725395
BETO,20240415,10,390,P95,18110.89999999993,18889.89999999993,4.301277131451253
BETO,20240515,10,390,mediana,819.0,801.5,-2.1367521367521403
BETO,20240515,10,390,P90,9800.400000000009,9693.2,-1.0938329047794793
BETO,20240515,10,390,P95,18110.89999999993,18889.89999999993,4.301277131451253
BETO,20240715,11,389,mediana,819.0,805.0,-1.7094017094017144
BETO,20240715,11,389,P90,9800.400000000009,9842.799999999996,0.43263540263649425
BETO,20240715,11,389,P95,18110.89999999993,17951.399999999994,-0.8806851122800885
BETO,20240815,10,390,mediana,819.0,819.0,0.0
BETO,20240815,10,390,P90,9800.400000000009,10223.50000000001,4.317170727725395
BETO,20240815,10,390,P95,18110.89999999993,18889.89999999993,4.301277131451253
BETO,20241015,10,390,mediana,819.0,807.5,-1.4041514041513992
BETO,20241015,10,390,P90,9800.400000000009,9693.2,-1.0938329047794793
BETO,20241015,10,390,P95,18110.89999999993,17617.499999999978,-2.7243262344773145
BETO,20241115,9,391,mediana,819.0,810.0,-1.098901098901095
BETO,20241115,9,391,P90,9800.400000000009,9758.0,-0.4326354026367163
BETO,20241115,9,391,P95,18110.89999999993,18812.0,3.8711494183065076
BETO,20250115,10,390,mediana,819.0,819.0,0.0
BETO,20250115,10,390,P90,9800.400000000009,9375.500000000007,-4.335537325007155
BETO,20250115,10,390,P95,18110.89999999993,17617.499999999978,-2.7243262344773145
BETO,20250215,10,390,mediana,819.0,831.5,1.5262515262515208
BETO,20250215,10,390,P90,9800.400000000009,10223.50000000001,4.317170727725395
BETO,20250215,10,390,P95,18110.89999999993,18889.89999999993,4.301277131451253
BETO,20250415,10,390,mediana,819.0,819.0,0.0
BETO,20250415,10,390,P90,9800.400000000009,9375.500000000007,-4.335537325007155
BETO,20250415,10,390,P95,18110.89999999993,17941.19999999999,-0.9370047871720355
BETO,20250515,10,390,mediana,819.0,831.5,1.5262515262515208
BETO,20250515,10,390,P90,9800.400000000009,10223.50000000001,4.317170727725395
BETO,20250515,10,390,P95,18110.89999999993,18889.89999999993,4.301277131451253
BETO,20250715,10,390,mediana,819.0,839.5,2.503052503052494
BETO,20250715,10,390,P90,9800.400000000009,9800.400000000009,0.0
BETO,20250715,10,390,P95,18110.89999999993,17941.19999999999,-0.9370047871720355
BETO,20250815,10,390,mediana,819.0,807.5,-1.4041514041513992
BETO,20250815,10,390,P90,9800.400000000009,9800.400000000009,0.0
BETO,20250815,10,390,P95,18110.89999999993,18889.89999999993,4.301277131451253
BETO,20251015,10,390,mediana,819.0,839.5,2.503052503052494
BETO,20251015,10,390,P90,9800.400000000009,9693.2,-1.0938329047794793
BETO,20251015,10,390,P95,18110.89999999993,17941.19999999999,-0.9370047871720355
BETO,20251115,10,390,mediana,819.0,831.5,1.5262515262515208
BETO,20251115,10,390,P90,9800.400000000009,10223.50000000001,4.317170727725395
BETO,20251115,10,390,P95,18110.89999999993,18889.89999999993,4.301277131451253
RoBERTalex,20210115,10,390,mediana,759.5,751.5,-1.0533245556286985
RoBERTalex,20210115,10,390,P90,8905.900000000005,8268.900000000016,-7.152561784884048
RoBERTalex,20210115,10,390,P95,16621.85,16650.35,0.1714610587870702
RoBERTalex,20210215,10,390,mediana,759.5,759.5,0.0
RoBERTalex,20210215,10,390,P90,8905.900000000005,9173.600000000008,3.005872511481189
RoBERTalex,20210215,10,390,P95,16621.85,16650.35,0.1714610587870702
RoBERTalex,20210415,10,390,mediana,759.5,759.5,0.0
RoBERTalex,20210415,10,390,P90,8905.900000000005,8268.900000000016,-7.152561784884048
RoBERTalex,20210415,10,390,P95,16621.85,15695.849999999991,-5.57098036620477
RoBERTalex,20210515,10,390,mediana,759.5,763.5,0.5266622778143493
RoBERTalex,20210515,10,390,P90,8905.900000000005,8268.900000000016,-7.152561784884048
RoBERTalex,20210515,10,390,P95,16621.85,16245.499999999962,-2.264188402614853
RoBERTalex,20210715,10,390,mediana,759.5,761.0,0.19749835418039208
RoBERTalex,20210715,10,390,P90,8905.900000000005,8905.900000000005,0.0
RoBERTalex,20210715,10,390,P95,16621.85,16245.499999999962,-2.264188402614853
RoBERTalex,20210816,10,390,mediana,759.5,759.5,0.0
RoBERTalex,20210816,10,390,P90,8905.900000000005,8905.900000000005,0.0
RoBERTalex,20210816,10,390,P95,16621.85,16650.35,0.1714610587870702
RoBERTalex,20211015,10,390,mediana,759.5,773.0,1.7774851876234399
RoBERTalex,20211015,10,390,P90,8905.900000000005,8905.900000000005,0.0
RoBERTalex,20211015,10,390,P95,16621.85,16245.499999999962,-2.264188402614853
RoBERTalex,20211115,10,390,mediana,759.5,751.5,-1.0533245556286985
RoBERTalex,20211115,10,390,P90,8905.900000000005,8905.900000000005,0.0
RoBERTalex,20211115,10,390,P95,16621.85,16650.35,0.1714610587870702
RoBERTalex,20220115,10,390,mediana,759.5,742.0,-2.304147465437789
RoBERTalex,20220115,10,390,P90,8905.900000000005,8905.900000000005,0.0
RoBERTalex,20220115,10,390,P95,16621.85,16245.499999999962,-2.264188402614853
RoBERTalex,20220215,10,390,mediana,759.5,763.5,0.5266622778143493
RoBERTalex,20220215,10,390,P90,8905.900000000005,9173.600000000008,3.005872511481189
RoBERTalex,20220215,10,390,P95,16621.85,16650.35,0.1714610587870702
RoBERTalex,20220415,10,390,mediana,759.5,759.5,0.0
RoBERTalex,20220415,10,390,P90,8905.900000000005,9173.600000000008,3.005872511481189
RoBERTalex,20220415,10,390,P95,16621.85,16650.35,0.1714610587870702
RoBERTalex,20220516,10,390,mediana,759.5,763.5,0.5266622778143493
RoBERTalex,20220516,10,390,P90,8905.900000000005,8905.900000000005,0.0
RoBERTalex,20220516,10,390,P95,16621.85,16650.35,0.1714610587870702
RoBERTalex,20220715,10,390,mediana,759.5,751.5,-1.0533245556286985
RoBERTalex,20220715,10,390,P90,8905.900000000005,8905.900000000005,0.0
RoBERTalex,20220715,10,390,P95,16621.85,16245.499999999962,-2.264188402614853
RoBERTalex,20220815,10,390,mediana,759.5,735.0,-3.2258064516129004
RoBERTalex,20220815,10,390,P90,8905.900000000005,8905.900000000005,0.0
RoBERTalex,20220815,10,390,P95,16621.85,16650.35,0.1714610587870702
RoBERTalex,20221015,10,390,mediana,759.5,768.0,1.1191573403555033
RoBERTalex,20221015,10,390,P90,8905.900000000005,9173.600000000008,3.005872511481189
RoBERTalex,20221015,10,390,P95,16621.85,16650.35,0.1714610587870702
RoBERTalex,20221115,10,390,mediana,759.5,768.0,1.1191573403555033
RoBERTalex,20221115,10,390,P90,8905.900000000005,9173.600000000008,3.005872511481189
RoBERTalex,20221115,10,390,P95,16621.85,16650.35,0.1714610587870702
RoBERTalex,20230116,10,390,mediana,759.5,735.0,-3.2258064516129004
RoBERTalex,20230116,10,390,P90,8905.900000000005,7408.700000000015,-16.811327322336755
RoBERTalex,20230116,10,390,P95,16621.85,15695.849999999991,-5.57098036620477
RoBERTalex,20230215,10,390,mediana,759.5,773.0,1.7774851876234399
RoBERTalex,20230215,10,390,P90,8905.900000000005,9173.600000000008,3.005872511481189
RoBERTalex,20230215,10,390,P95,16621.85,16650.35,0.1714610587870702
RoBERTalex,20230415,10,390,mediana,759.5,759.5,0.0
RoBERTalex,20230415,10,390,P90,8905.900000000005,8268.900000000016,-7.152561784884048
RoBERTalex,20230415,10,390,P95,16621.85,16245.499999999962,-2.264188402614853
RoBERTalex,20230515,10,390,mediana,759.5,759.5,0.0
RoBERTalex,20230515,10,390,P90,8905.900000000005,9173.600000000008,3.005872511481189
RoBERTalex,20230515,10,390,P95,16621.85,16650.35,0.1714610587870702
RoBERTalex,20230715,10,390,mediana,759.5,742.0,-2.304147465437789
RoBERTalex,20230715,10,390,P90,8905.900000000005,8044.400000000004,-9.673362602319813
RoBERTalex,20230715,10,390,P95,16621.85,15695.849999999991,-5.57098036620477
RoBERTalex,20230815,10,390,mediana,759.5,754.0,-0.7241606319947302
RoBERTalex,20230815,10,390,P90,8905.900000000005,9173.600000000008,3.005872511481189
RoBERTalex,20230815,10,390,P95,16621.85,16650.35,0.1714610587870702
RoBERTalex,20231016,10,390,mediana,759.5,742.0,-2.304147465437789
RoBERTalex,20231016,10,390,P90,8905.900000000005,9173.600000000008,3.005872511481189
RoBERTalex,20231016,10,390,P95,16621.85,16650.35,0.1714610587870702
RoBERTalex,20231115,10,390,mediana,759.5,751.5,-1.0533245556286985
RoBERTalex,20231115,10,390,P90,8905.900000000005,8294.800000000021,-6.861743338685411
RoBERTalex,20231115,10,390,P95,16621.85,16245.499999999962,-2.264188402614853
RoBERTalex,20240115,10,390,mediana,759.5,751.5,-1.0533245556286985
RoBERTalex,20240115,10,390,P90,8905.900000000005,9173.600000000008,3.005872511481189
RoBERTalex,20240115,10,390,P95,16621.85,16650.35,0.1714610587870702
RoBERTalex,20240215,10,390,mediana,759.5,763.5,0.5266622778143493
RoBERTalex,20240215,10,390,P90,8905.900000000005,8905.900000000005,0.0
RoBERTalex,20240215,10,390,P95,16621.85,16245.499999999962,-2.264188402614853
RoBERTalex,20240415,10,390,mediana,759.5,768.0,1.1191573403555033
RoBERTalex,20240415,10,390,P90,8905.900000000005,9173.600000000008,3.005872511481189
RoBERTalex,20240415,10,390,P95,16621.85,16650.35,0.1714610587870702
RoBERTalex,20240515,10,390,mediana,759.5,742.0,-2.304147465437789
RoBERTalex,20240515,10,390,P90,8905.900000000005,8268.900000000016,-7.152561784884048
RoBERTalex,20240515,10,390,P95,16621.85,16650.35,0.1714610587870702
RoBERTalex,20240715,11,389,mediana,759.5,746.0,-1.7774851876234399
RoBERTalex,20240715,11,389,P90,8905.900000000005,8931.799999999997,0.29081844619849306
RoBERTalex,20240715,11,389,P95,16621.85,16286.99999999997,-2.0145170363108034
RoBERTalex,20240815,10,390,mediana,759.5,759.5,0.0
RoBERTalex,20240815,10,390,P90,8905.900000000005,9173.600000000008,3.005872511481189
RoBERTalex,20240815,10,390,P95,16621.85,16650.35,0.1714610587870702
RoBERTalex,20241015,10,390,mediana,759.5,751.5,-1.0533245556286985
RoBERTalex,20241015,10,390,P90,8905.900000000005,8268.900000000016,-7.152561784884048
RoBERTalex,20241015,10,390,P95,16621.85,15695.849999999991,-5.57098036620477
RoBERTalex,20241115,9,391,mediana,759.5,757.0,-0.3291639236339683
RoBERTalex,20241115,9,391,P90,8905.900000000005,8880.0,-0.2908184461986485
RoBERTalex,20241115,9,391,P95,16621.85,16647.5,0.15431495290838537
RoBERTalex,20250115,10,390,mediana,759.5,759.5,0.0
RoBERTalex,20250115,10,390,P90,8905.900000000005,8044.400000000004,-9.673362602319813
RoBERTalex,20250115,10,390,P95,16621.85,15695.849999999991,-5.57098036620477
RoBERTalex,20250215,10,390,mediana,759.5,763.5,0.5266622778143493
RoBERTalex,20250215,10,390,P90,8905.900000000005,9173.600000000008,3.005872511481189
RoBERTalex,20250215,10,390,P95,16621.85,16650.35,0.1714610587870702
RoBERTalex,20250415,10,390,mediana,759.5,759.5,0.0
RoBERTalex,20250415,10,390,P90,8905.900000000005,8044.400000000004,-9.673362602319813
RoBERTalex,20250415,10,390,P95,16621.85,16152.349999999953,-2.824595336861091
RoBERTalex,20250515,10,390,mediana,759.5,763.5,0.5266622778143493
RoBERTalex,20250515,10,390,P90,8905.900000000005,9173.600000000008,3.005872511481189
RoBERTalex,20250515,10,390,P95,16621.85,16650.35,0.1714610587870702
RoBERTalex,20250715,10,390,mediana,759.5,768.0,1.1191573403555033
RoBERTalex,20250715,10,390,P90,8905.900000000005,8905.900000000005,0.0
RoBERTalex,20250715,10,390,P95,16621.85,16650.35,0.1714610587870702
RoBERTalex,20250815,10,390,mediana,759.5,751.5,-1.0533245556286985
RoBERTalex,20250815,10,390,P90,8905.900000000005,8905.900000000005,0.0
RoBERTalex,20250815,10,390,P95,16621.85,16650.35,0.1714610587870702
RoBERTalex,20251015,10,390,mediana,759.5,768.0,1.1191573403555033
RoBERTalex,20251015,10,390,P90,8905.900000000005,8268.900000000016,-7.152561784884048
RoBERTalex,20251015,10,390,P95,16621.85,16245.499999999962,-2.264188402614853
RoBERTalex,20251115,10,390,mediana,759.5,763.5,0.5266622778143493
RoBERTalex,20251115,10,390,P90,8905.900000000005,9173.600000000008,3.005872511481189
RoBERTalex,20251115,10,390,P95,16621.85,16650.35,0.1714610587870702
MEL,20210115,10,390,mediana,882.0,878.0,-0.45351473922902175
MEL,20210115,10,390,P90,10228.800000000001,9853.10000000001,-3.6729626153604644
MEL,20210115,10,390,P95,19808.699999999997,19700.69999999999,-0.5452149812961382
MEL,20210215,10,390,mediana,882.0,882.0,0.0
MEL,20210215,10,390,P90,10228.800000000001,10320.60000000001,0.8974659784139805
MEL,20210215,10,390,P95,19808.699999999997,19835.699999999997,0.136303745324029
MEL,20210415,10,390,mediana,882.0,896.5,1.643990929705219
MEL,20210415,10,390,P90,10228.800000000001,9853.10000000001,-3.6729626153604644
MEL,20210415,10,390,P95,19808.699999999997,19575.85,-1.1754935962481006
MEL,20210515,10,390,mediana,882.0,896.5,1.643990929705219
MEL,20210515,10,390,P90,10228.800000000001,9853.10000000001,-3.6729626153604644
MEL,20210515,10,390,P95,19808.699999999997,19703.84999999999,-0.5293128776749922
MEL,20210715,10,390,mediana,882.0,882.0,0.0
MEL,20210715,10,390,P90,10228.800000000001,10228.800000000001,0.0
MEL,20210715,10,390,P95,19808.699999999997,19703.84999999999,-0.5293128776749922
MEL,20210816,10,390,mediana,882.0,882.0,0.0
MEL,20210816,10,390,P90,10228.800000000001,10228.800000000001,0.0
MEL,20210816,10,390,P95,19808.699999999997,19835.699999999997,0.136303745324029
MEL,20211015,10,390,mediana,882.0,912.0,3.401360544217691
MEL,20211015,10,390,P90,10228.800000000001,10228.800000000001,0.0
MEL,20211015,10,390,P95,19808.699999999997,19703.84999999999,-0.5293128776749922
MEL,20211115,10,390,mediana,882.0,878.0,-0.45351473922902175
MEL,20211115,10,390,P90,10228.800000000001,10228.800000000001,0.0
MEL,20211115,10,390,P95,19808.699999999997,19835.699999999997,0.136303745324029
MEL,20220115,10,390,mediana,882.0,872.0,-1.13378684807256
MEL,20220115,10,390,P90,10228.800000000001,10228.800000000001,0.0
MEL,20220115,10,390,P95,19808.699999999997,19703.84999999999,-0.5293128776749922
MEL,20220215,10,390,mediana,882.0,896.5,1.643990929705219
MEL,20220215,10,390,P90,10228.800000000001,10320.60000000001,0.8974659784139805
MEL,20220215,10,390,P95,19808.699999999997,19835.699999999997,0.136303745324029
MEL,20220415,10,390,mediana,882.0,882.0,0.0
MEL,20220415,10,390,P90,10228.800000000001,10320.60000000001,0.8974659784139805
MEL,20220415,10,390,P95,19808.699999999997,19835.699999999997,0.136303745324029
MEL,20220516,10,390,mediana,882.0,896.5,1.643990929705219
MEL,20220516,10,390,P90,10228.800000000001,10228.800000000001,0.0
MEL,20220516,10,390,P95,19808.699999999997,19835.699999999997,0.136303745324029
MEL,20220715,10,390,mediana,882.0,878.0,-0.45351473922902175
MEL,20220715,10,390,P90,10228.800000000001,10228.800000000001,0.0
MEL,20220715,10,390,P95,19808.699999999997,19703.84999999999,-0.5293128776749922
MEL,20220815,10,390,mediana,882.0,869.0,-1.473922902494329
MEL,20220815,10,390,P90,10228.800000000001,10228.800000000001,0.0
MEL,20220815,10,390,P95,19808.699999999997,19835.699999999997,0.136303745324029
MEL,20221015,10,390,mediana,882.0,911.0,3.287981859410438
MEL,20221015,10,390,P90,10228.800000000001,10320.60000000001,0.8974659784139805
MEL,20221015,10,390,P95,19808.699999999997,19835.699999999997,0.136303745324029
MEL,20221115,10,390,mediana,882.0,911.0,3.287981859410438
MEL,20221115,10,390,P90,10228.800000000001,10320.60000000001,0.8974659784139805
MEL,20221115,10,390,P95,19808.699999999997,19835.699999999997,0.136303745324029
MEL,20230116,10,390,mediana,882.0,869.0,-1.473922902494329
MEL,20230116,10,390,P90,10228.800000000001,8823.800000000025,-13.73572657594221
MEL,20230116,10,390,P95,19808.699999999997,19575.85,-1.1754935962481006
MEL,20230215,10,390,mediana,882.0,912.0,3.401360544217691
MEL,20230215,10,390,P90,10228.800000000001,10320.60000000001,0.8974659784139805
MEL,20230215,10,390,P95,19808.699999999997,19835.699999999997,0.136303745324029
MEL,20230415,10,390,mediana,882.0,882.0,0.0
MEL,20230415,10,390,P90,10228.800000000001,9853.10000000001,-3.6729626153604644
MEL,20230415,10,390,P95,19808.699999999997,19835.699999999997,0.136303745324029
MEL,20230515,10,390,mediana,882.0,882.0,0.0
MEL,20230515,10,390,P90,10228.800000000001,10320.60000000001,0.8974659784139805
MEL,20230515,10,390,P95,19808.699999999997,19835.699999999997,0.136303745324029
MEL,20230715,10,390,mediana,882.0,872.0,-1.13378684807256
MEL,20230715,10,390,P90,10228.800000000001,8823.800000000025,-13.73572657594221
MEL,20230715,10,390,P95,19808.699999999997,19575.85,-1.1754935962481006
MEL,20230815,10,390,mediana,882.0,878.0,-0.45351473922902175
MEL,20230815,10,390,P90,10228.800000000001,10320.60000000001,0.8974659784139805
MEL,20230815,10,390,P95,19808.699999999997,19835.699999999997,0.136303745324029
MEL,20231016,10,390,mediana,882.0,872.0,-1.13378684807256
MEL,20231016,10,390,P90,10228.800000000001,10320.60000000001,0.8974659784139805
MEL,20231016,10,390,P95,19808.699999999997,19835.699999999997,0.136303745324029
MEL,20231115,10,390,mediana,882.0,878.0,-0.45351473922902175
MEL,20231115,10,390,P90,10228.800000000001,9853.10000000001,-3.6729626153604644
MEL,20231115,10,390,P95,19808.699999999997,19703.84999999999,-0.5293128776749922
MEL,20240115,10,390,mediana,882.0,878.0,-0.45351473922902175
MEL,20240115,10,390,P90,10228.800000000001,10320.60000000001,0.8974659784139805
MEL,20240115,10,390,P95,19808.699999999997,19835.699999999997,0.136303745324029
MEL,20240215,10,390,mediana,882.0,882.0,0.0
MEL,20240215,10,390,P90,10228.800000000001,10228.800000000001,0.0
MEL,20240215,10,390,P95,19808.699999999997,19703.84999999999,-0.5293128776749922
MEL,20240415,10,390,mediana,882.0,911.0,3.287981859410438
MEL,20240415,10,390,P90,10228.800000000001,10320.60000000001,0.8974659784139805
MEL,20240415,10,390,P95,19808.699999999997,19835.699999999997,0.136303745324029
MEL,20240515,10,390,mediana,882.0,872.0,-1.13378684807256
MEL,20240515,10,390,P90,10228.800000000001,9853.10000000001,-3.6729626153604644
MEL,20240515,10,390,P95,19808.699999999997,19835.699999999997,0.136303745324029
MEL,20240715,11,389,mediana,882.0,875.0,-0.7936507936507908
MEL,20240715,11,389,P90,10228.800000000001,10234.599999999999,0.056702643516315376
MEL,20240715,11,389,P95,19808.699999999997,19715.199999999993,-0.4720148217702502
MEL,20240815,10,390,mediana,882.0,882.0,0.0
MEL,20240815,10,390,P90,10228.800000000001,10320.60000000001,0.8974659784139805
MEL,20240815,10,390,P95,19808.699999999997,19835.699999999997,0.136303745324029
MEL,20241015,10,390,mediana,882.0,879.0,-0.3401360544217691
MEL,20241015,10,390,P90,10228.800000000001,9853.10000000001,-3.6729626153604644
MEL,20241015,10,390,P95,19808.699999999997,19575.85,-1.1754935962481006
MEL,20241115,9,391,mediana,882.0,881.0,-0.11337868480725266
MEL,20241115,9,391,P90,10228.800000000001,10281.0,0.5103237916471048
MEL,20241115,9,391,P95,19808.699999999997,19833.0,0.1226733707916372
MEL,20250115,10,390,mediana,882.0,882.0,0.0
MEL,20250115,10,390,P90,10228.800000000001,8823.800000000025,-13.73572657594221
MEL,20250115,10,390,P95,19808.699999999997,19575.85,-1.1754935962481006
MEL,20250215,10,390,mediana,882.0,896.5,1.643990929705219
MEL,20250215,10,390,P90,10228.800000000001,10320.60000000001,0.8974659784139805
MEL,20250215,10,390,P95,19808.699999999997,19835.699999999997,0.136303745324029
MEL,20250415,10,390,mediana,882.0,882.0,0.0
MEL,20250415,10,390,P90,10228.800000000001,8438.600000000035,-17.501564210855292
MEL,20250415,10,390,P95,19808.699999999997,19703.84999999999,-0.5293128776749922
MEL,20250515,10,390,mediana,882.0,896.5,1.643990929705219
MEL,20250515,10,390,P90,10228.800000000001,10320.60000000001,0.8974659784139805
MEL,20250515,10,390,P95,19808.699999999997,19835.699999999997,0.136303745324029
MEL,20250715,10,390,mediana,882.0,911.0,3.287981859410438
MEL,20250715,10,390,P90,10228.800000000001,10228.800000000001,0.0
MEL,20250715,10,390,P95,19808.699999999997,19835.699999999997,0.136303745324029
MEL,20250815,10,390,mediana,882.0,878.0,-0.45351473922902175
MEL,20250815,10,390,P90,10228.800000000001,10228.800000000001,0.0
MEL,20250815,10,390,P95,19808.699999999997,19835.699999999997,0.136303745324029
MEL,20251015,10,390,mediana,882.0,911.0,3.287981859410438
MEL,20251015,10,390,P90,10228.800000000001,8864.900000000034,-13.333919912403868
MEL,20251015,10,390,P95,19808.699999999997,19703.84999999999,-0.5293128776749922
MEL,20251115,10,390,mediana,882.0,896.5,1.643990929705219
MEL,20251115,10,390,P90,10228.800000000001,10320.60000000001,0.8974659784139805
MEL,20251115,10,390,P95,19808.699999999997,19835.699999999997,0.136303745324029
MrBERT-legal,20210115,10,390,mediana,899.0,893.5,-0.6117908787541704
MrBERT-legal,20210115,10,390,P90,11013.800000000001,10805.000000000005,-1.8958034465851537
MrBERT-legal,20210115,10,390,P95,19358.94999999991,20348.44999999991,5.111330934787284
MrBERT-legal,20210215,10,390,mediana,899.0,899.0,0.0
MrBERT-legal,20210215,10,390,P90,11013.800000000001,11059.000000000007,0.410394232689959
MrBERT-legal,20210215,10,390,P95,19358.94999999991,20348.44999999991,5.111330934787284
MrBERT-legal,20210415,10,390,mediana,899.0,899.0,0.0
MrBERT-legal,20210415,10,390,P90,11013.800000000001,10805.000000000005,-1.8958034465851537
MrBERT-legal,20210415,10,390,P95,19358.94999999991,18577.14999999999,-4.038442167575839
MrBERT-legal,20210515,10,390,mediana,899.0,906.0,0.7786429365962189
MrBERT-legal,20210515,10,390,P90,11013.800000000001,10806.800000000007,-1.87946031342493
MrBERT-legal,20210515,10,390,P95,19358.94999999991,18999.899999999972,-1.854697697963681
MrBERT-legal,20210715,10,390,mediana,899.0,899.0,0.0
MrBERT-legal,20210715,10,390,P90,11013.800000000001,11013.800000000001,0.0
MrBERT-legal,20210715,10,390,P95,19358.94999999991,18999.899999999972,-1.854697697963681
MrBERT-legal,20210816,10,390,mediana,899.0,899.0,0.0
MrBERT-legal,20210816,10,390,P90,11013.800000000001,11013.800000000001,0.0
MrBERT-legal,20210816,10,390,P95,19358.94999999991,20348.44999999991,5.111330934787284
MrBERT-legal,20211015,10,390,mediana,899.0,920.5,2.391546162402669
MrBERT-legal,20211015,10,390,P90,11013.800000000001,11013.800000000001,0.0
MrBERT-legal,20211015,10,390,P95,19358.94999999991,18999.899999999972,-1.854697697963681
MrBERT-legal,20211115,10,390,mediana,899.0,893.5,-0.6117908787541704
MrBERT-legal,20211115,10,390,P90,11013.800000000001,11013.800000000001,0.0
MrBERT-legal,20211115,10,390,P95,19358.94999999991,20348.44999999991,5.111330934787284
MrBERT-legal,20220115,10,390,mediana,899.0,888.5,-1.1679644048943283
MrBERT-legal,20220115,10,390,P90,11013.800000000001,11013.800000000001,0.0
MrBERT-legal,20220115,10,390,P95,19358.94999999991,18999.899999999972,-1.854697697963681
MrBERT-legal,20220215,10,390,mediana,899.0,906.0,0.7786429365962189
MrBERT-legal,20220215,10,390,P90,11013.800000000001,11059.000000000007,0.410394232689959
MrBERT-legal,20220215,10,390,P95,19358.94999999991,20348.44999999991,5.111330934787284
MrBERT-legal,20220415,10,390,mediana,899.0,899.0,0.0
MrBERT-legal,20220415,10,390,P90,11013.800000000001,11059.000000000007,0.410394232689959
MrBERT-legal,20220415,10,390,P95,19358.94999999991,20348.44999999991,5.111330934787284
MrBERT-legal,20220516,10,390,mediana,899.0,906.0,0.7786429365962189
MrBERT-legal,20220516,10,390,P90,11013.800000000001,11013.800000000001,0.0
MrBERT-legal,20220516,10,390,P95,19358.94999999991,20348.44999999991,5.111330934787284
MrBERT-legal,20220715,10,390,mediana,899.0,893.5,-0.6117908787541704
MrBERT-legal,20220715,10,390,P90,11013.800000000001,11013.800000000001,0.0
MrBERT-legal,20220715,10,390,P95,19358.94999999991,18999.899999999972,-1.854697697963681
MrBERT-legal,20220815,10,390,mediana,899.0,883.0,-1.7797552836484987
MrBERT-legal,20220815,10,390,P90,11013.800000000001,11013.800000000001,0.0
MrBERT-legal,20220815,10,390,P95,19358.94999999991,20348.44999999991,5.111330934787284
MrBERT-legal,20221015,10,390,mediana,899.0,915.5,1.8353726362625222
MrBERT-legal,20221015,10,390,P90,11013.800000000001,11059.000000000007,0.410394232689959
MrBERT-legal,20221015,10,390,P95,19358.94999999991,20348.44999999991,5.111330934787284
MrBERT-legal,20221115,10,390,mediana,899.0,915.5,1.8353726362625222
MrBERT-legal,20221115,10,390,P90,11013.800000000001,11059.000000000007,0.410394232689959
MrBERT-legal,20221115,10,390,P95,19358.94999999991,20348.44999999991,5.111330934787284
MrBERT-legal,20230116,10,390,mediana,899.0,883.0,-1.7797552836484987
MrBERT-legal,20230116,10,390,P90,11013.800000000001,9036.600000000039,-17.952023824655996
MrBERT-legal,20230116,10,390,P95,19358.94999999991,18577.14999999999,-4.038442167575839
MrBERT-legal,20230215,10,390,mediana,899.0,920.5,2.391546162402669
MrBERT-legal,20230215,10,390,P90,11013.800000000001,11059.000000000007,0.410394232689959
MrBERT-legal,20230215,10,390,P95,19358.94999999991,20348.44999999991,5.111330934787284
MrBERT-legal,20230415,10,390,mediana,899.0,899.0,0.0
MrBERT-legal,20230415,10,390,P90,11013.800000000001,10805.000000000005,-1.8958034465851537
MrBERT-legal,20230415,10,390,P95,19358.94999999991,20348.44999999991,5.111330934787284
MrBERT-legal,20230515,10,390,mediana,899.0,899.0,0.0
MrBERT-legal,20230515,10,390,P90,11013.800000000001,11059.000000000007,0.410394232689959
MrBERT-legal,20230515,10,390,P95,19358.94999999991,20348.44999999991,5.111330934787284
MrBERT-legal,20230715,10,390,mediana,899.0,888.5,-1.1679644048943283
MrBERT-legal,20230715,10,390,P90,11013.800000000001,10560.600000000006,-4.114837749005751
MrBERT-legal,20230715,10,390,P95,19358.94999999991,18577.14999999999,-4.038442167575839
MrBERT-legal,20230815,10,390,mediana,899.0,899.0,0.0
MrBERT-legal,20230815,10,390,P90,11013.800000000001,11059.000000000007,0.410394232689959
MrBERT-legal,20230815,10,390,P95,19358.94999999991,20348.44999999991,5.111330934787284
MrBERT-legal,20231016,10,390,mediana,899.0,888.5,-1.1679644048943283
MrBERT-legal,20231016,10,390,P90,11013.800000000001,11059.000000000007,0.410394232689959
MrBERT-legal,20231016,10,390,P95,19358.94999999991,20348.44999999991,5.111330934787284
MrBERT-legal,20231115,10,390,mediana,899.0,893.5,-0.6117908787541704
MrBERT-legal,20231115,10,390,P90,11013.800000000001,11013.800000000001,0.0
MrBERT-legal,20231115,10,390,P95,19358.94999999991,18999.899999999972,-1.854697697963681
MrBERT-legal,20240115,10,390,mediana,899.0,893.5,-0.6117908787541704
MrBERT-legal,20240115,10,390,P90,11013.800000000001,11059.000000000007,0.410394232689959
MrBERT-legal,20240115,10,390,P95,19358.94999999991,20348.44999999991,5.111330934787284
MrBERT-legal,20240215,10,390,mediana,899.0,906.0,0.7786429365962189
MrBERT-legal,20240215,10,390,P90,11013.800000000001,11013.800000000001,0.0
MrBERT-legal,20240215,10,390,P95,19358.94999999991,18999.899999999972,-1.854697697963681
MrBERT-legal,20240415,10,390,mediana,899.0,915.5,1.8353726362625222
MrBERT-legal,20240415,10,390,P90,11013.800000000001,11059.000000000007,0.410394232689959
MrBERT-legal,20240415,10,390,P95,19358.94999999991,20348.44999999991,5.111330934787284
MrBERT-legal,20240515,10,390,mediana,899.0,888.5,-1.1679644048943283
MrBERT-legal,20240515,10,390,P90,11013.800000000001,10805.000000000005,-1.8958034465851537
MrBERT-legal,20240515,10,390,P95,19358.94999999991,20348.44999999991,5.111330934787284
MrBERT-legal,20240715,11,389,mediana,899.0,890.0,-1.0011123470522798
MrBERT-legal,20240715,11,389,P90,11013.800000000001,11015.6,0.01634313316021263
MrBERT-legal,20240715,11,389,P95,19358.94999999991,19028.79999999998,-1.7054127419097176
MrBERT-legal,20240815,10,390,mediana,899.0,899.0,0.0
MrBERT-legal,20240815,10,390,P90,11013.800000000001,11059.000000000007,0.410394232689959
MrBERT-legal,20240815,10,390,P95,19358.94999999991,20348.44999999991,5.111330934787284
MrBERT-legal,20241015,10,390,mediana,899.0,893.5,-0.6117908787541704
MrBERT-legal,20241015,10,390,P90,11013.800000000001,10805.000000000005,-1.8958034465851537
MrBERT-legal,20241015,10,390,P95,19358.94999999991,18577.14999999999,-4.038442167575839
MrBERT-legal,20241115,9,391,mediana,899.0,897.0,-0.22246941045606095
MrBERT-legal,20241115,9,391,P90,11013.800000000001,11012.0,-0.016343133160223733
MrBERT-legal,20241115,9,391,P95,19358.94999999991,20249.5,4.600197841309028
MrBERT-legal,20250115,10,390,mediana,899.0,899.0,0.0
MrBERT-legal,20250115,10,390,P90,11013.800000000001,10560.600000000006,-4.114837749005751
MrBERT-legal,20250115,10,390,P95,19358.94999999991,18577.14999999999,-4.038442167575839
MrBERT-legal,20250215,10,390,mediana,899.0,906.0,0.7786429365962189
MrBERT-legal,20250215,10,390,P90,11013.800000000001,11059.000000000007,0.410394232689959
MrBERT-legal,20250215,10,390,P95,19358.94999999991,20348.44999999991,5.111330934787284
MrBERT-legal,20250415,10,390,mediana,899.0,899.0,0.0
MrBERT-legal,20250415,10,390,P90,11013.800000000001,10560.600000000006,-4.114837749005751
MrBERT-legal,20250415,10,390,P95,19358.94999999991,18999.899999999972,-1.854697697963681
MrBERT-legal,20250515,10,390,mediana,899.0,906.0,0.7786429365962189
MrBERT-legal,20250515,10,390,P90,11013.800000000001,11059.000000000007,0.410394232689959
MrBERT-legal,20250515,10,390,P95,19358.94999999991,20348.44999999991,5.111330934787284
MrBERT-legal,20250715,10,390,mediana,899.0,915.5,1.8353726362625222
MrBERT-legal,20250715,10,390,P90,11013.800000000001,11013.800000000001,0.0
MrBERT-legal,20250715,10,390,P95,19358.94999999991,18999.899999999972,-1.854697697963681
MrBERT-legal,20250815,10,390,mediana,899.0,893.5,-0.6117908787541704
MrBERT-legal,20250815,10,390,P90,11013.800000000001,11013.800000000001,0.0
MrBERT-legal,20250815,10,390,P95,19358.94999999991,20348.44999999991,5.111330934787284
MrBERT-legal,20251015,10,390,mediana,899.0,915.5,1.8353726362625222
MrBERT-legal,20251015,10,390,P90,11013.800000000001,10583.600000000011,-3.906008825291818
MrBERT-legal,20251015,10,390,P95,19358.94999999991,18999.899999999972,-1.854697697963681
MrBERT-legal,20251115,10,390,mediana,899.0,906.0,0.7786429365962189
MrBERT-legal,20251115,10,390,P90,11013.800000000001,11059.000000000007,0.410394232689959
MrBERT-legal,20251115,10,390,P95,19358.94999999991,20348.44999999991,5.111330934787284
