identifier,issue_date,year,section_code,section_name,department_name,char_count,word_count,tokens_BETO,tokens_RoBERTalex,tokens_MEL,tokens_MrBERT-legal
BOE-A-2021-588,20210115,2021,1,I. Disposiciones generales,MINISTERIO DE HACIENDA,87830,13204,17186,15353,19579,18449
BOE-A-2021-591,20210115,2021,1,I. Disposiciones generales,MINISTERIO DE HACIENDA,90436,13734,17045,15582,19860,18349
BOE-A-2021-592,20210115,2021,1,I. Disposiciones generales,"MINISTERIO DE LA PRESIDENCIA, RELACIONES CON LAS CORTES Y MEMORIA DEMOCRÁTICA",5302,822,1065,1000,1214,1212
BOE-A-2021-593,20210115,2021,2A,"II. Autoridades y personal. - A. Nombramientos, situaciones e incidencias",CONSEJO GENERAL DEL PODER JUDICIAL,895,143,210,192,221,244
BOE-A-2021-602,20210115,2021,2A,"II. Autoridades y personal. - A. Nombramientos, situaciones e incidencias",UNIVERSIDADES,1789,269,379,356,411,432
BOE-A-2021-604,20210115,2021,2A,"II. Autoridades y personal. - A. Nombramientos, situaciones e incidencias",UNIVERSIDADES,2099,324,426,398,479,470
BOE-A-2021-640,20210115,2021,2B,II. Autoridades y personal. - B. Oposiciones y concursos,ADMINISTRACIÓN LOCAL,818,126,175,167,194,200
BOE-A-2021-656,20210115,2021,2B,II. Autoridades y personal. - B. Oposiciones y concursos,UNIVERSIDADES,17802,2736,3703,3459,4020,4054
BOE-A-2021-664,20210115,2021,3,III. Otras disposiciones,MINISTERIO DE CIENCIA E INNOVACIÓN,35711,5372,7500,6844,7950,7680
BOE-A-2021-668,20210115,2021,3,III. Otras disposiciones,COMUNIDAD AUTÓNOMA DE CATALUÑA,6391,846,1567,1440,1573,1595
BOE-A-2021-2167,20210215,2021,1,I. Disposiciones generales,MINISTERIO DE CULTURA Y DEPORTE,11509,1788,2290,2167,2453,2561
BOE-A-2021-2169,20210215,2021,1,I. Disposiciones generales,COMUNIDAD AUTÓNOMA DE CATALUÑA,7177,999,1676,1617,1782,2117
BOE-A-2021-2170,20210215,2021,1,I. Disposiciones generales,COMUNIDAD AUTÓNOMA DEL PRINCIPADO DE ASTURIAS,1315,207,293,275,323,347
BOE-A-2021-2180,20210215,2021,2A,"II. Autoridades y personal. - A. Nombramientos, situaciones e incidencias",MINISTERIO DE POLÍTICA TERRITORIAL Y FUNCIÓN PÚBLICA,9472,1351,4132,2952,3578,3825
BOE-A-2021-2184,20210215,2021,2A,"II. Autoridades y personal. - A. Nombramientos, situaciones e incidencias",UNIVERSIDADES,1709,260,364,332,399,401
BOE-A-2021-2185,20210215,2021,2A,"II. Autoridades y personal. - A. Nombramientos, situaciones e incidencias",UNIVERSIDADES,788,116,169,155,190,187
BOE-A-2021-2266,20210215,2021,2B,II. Autoridades y personal. - B. Oposiciones y concursos,ADMINISTRACIÓN LOCAL,797,122,167,156,183,182
BOE-A-2021-2268,20210215,2021,2B,II. Autoridades y personal. - B. Oposiciones y concursos,ADMINISTRACIÓN LOCAL,995,154,233,215,246,247
BOE-A-2021-2296,20210215,2021,3,III. Otras disposiciones,"MINISTERIO DE LA PRESIDENCIA, RELACIONES CON LAS CORTES Y MEMORIA DEMOCRÁTICA",31927,4711,7075,6361,7491,7474
BOE-A-2021-2308,20210215,2021,3,III. Otras disposiciones,MINISTERIO DE CIENCIA E INNOVACIÓN,18214,2742,3824,3592,4145,4021
BOE-A-2021-5947,20210415,2021,1,I. Disposiciones generales,MINISTERIO DE EDUCACIÓN Y FORMACIÓN PROFESIONAL,119534,16610,22773,20689,24859,24537
BOE-A-2021-5948,20210415,2021,1,I. Disposiciones generales,MINISTERIO DE EDUCACIÓN Y FORMACIÓN PROFESIONAL,129648,17985,25078,22842,27838,26575
BOE-A-2021-5950,20210415,2021,1,I. Disposiciones generales,"MINISTERIO DE LA PRESIDENCIA, RELACIONES CON LAS CORTES Y MEMORIA DEMOCRÁTICA",19186,2888,3665,3425,3997,4045
BOE-A-2021-5955,20210415,2021,2A,"II. Autoridades y personal. - A. Nombramientos, situaciones e incidencias",MINISTERIO DE EDUCACIÓN Y FORMACIÓN PROFESIONAL,2812,439,560,528,628,617
BOE-A-2021-5958,20210415,2021,2A,"II. Autoridades y personal. - A. Nombramientos, situaciones e incidencias",UNIVERSIDADES,1916,282,395,364,440,456
BOE-A-2021-5960,20210415,2021,2A,"II. Autoridades y personal. - A. Nombramientos, situaciones e incidencias",UNIVERSIDADES,1827,269,431,391,470,500
BOE-A-2021-5987,20210415,2021,2B,II. Autoridades y personal. - B. Oposiciones y concursos,MINISTERIO DE UNIVERSIDADES,3860,586,805,765,875,921
BOE-A-2021-6012,20210415,2021,2B,II. Autoridades y personal. - B. Oposiciones y concursos,ADMINISTRACIÓN LOCAL,2382,357,478,464,556,524
BOE-A-2021-6037,20210415,2021,3,III. Otras disposiciones,MINISTERIO DE CONSUMO,12107,1862,2454,2274,2671,2672
BOE-A-2021-6040,20210415,2021,3,III. Otras disposiciones,BANCO DE ESPAÑA,1220,118,426,393,410,577
BOE-A-2021-8031,20210515,2021,1,I. Disposiciones generales,JEFATURA DEL ESTADO,1752,281,415,375,431,444
BOE-A-2021-8032,20210515,2021,1,I. Disposiciones generales,"MINISTERIO DE ASUNTOS EXTERIORES, UNIÓN EUROPEA Y COOPERACIÓN",183206,27468,35380,33261,40284,37487
BOE-A-2021-8033,20210515,2021,1,I. Disposiciones generales,MINISTERIO DE HACIENDA,1991,286,673,603,611,708
BOE-A-2021-8035,20210515,2021,2A,"II. Autoridades y personal. - A. Nombramientos, situaciones e incidencias",CONSEJO GENERAL DEL PODER JUDICIAL,750,117,168,157,181,208
BOE-A-2021-8036,20210515,2021,2A,"II. Autoridades y personal. - A. Nombramientos, situaciones e incidencias",CONSEJO GENERAL DEL PODER JUDICIAL,693,106,154,144,165,187
BOE-A-2021-8037,20210515,2021,2A,"II. Autoridades y personal. - A. Nombramientos, situaciones e incidencias",CONSEJO GENERAL DEL PODER JUDICIAL,1107,171,224,212,251,247
BOE-A-2021-8045,20210515,2021,2B,II. Autoridades y personal. - B. Oposiciones y concursos,MINISTERIO DEL INTERIOR,53027,8053,10700,9516,11280,11012
BOE-A-2021-8081,20210515,2021,2B,II. Autoridades y personal. - B. Oposiciones y concursos,ADMINISTRACIÓN LOCAL,1029,164,235,217,246,280
BOE-A-2021-8085,20210515,2021,3,III. Otras disposiciones,MINISTERIO DEL INTERIOR,18949,2844,3743,3449,4027,4054
BOE-A-2021-8090,20210515,2021,3,III. Otras disposiciones,"MINISTERIO DE INDUSTRIA, COMERCIO Y TURISMO",26254,4005,5272,5000,5798,5562
BOE-A-2021-11766,20210715,2021,1,I. Disposiciones generales,COMUNIDAD AUTÓNOMA DEL PAÍS VASCO,132293,19994,25057,23662,27554,26592
BOE-A-2021-11767,20210715,2021,2A,"II. Autoridades y personal. - A. Nombramientos, situaciones e incidencias",CONSEJO GENERAL DEL PODER JUDICIAL,624,101,157,136,161,172
BOE-A-2021-11771,20210715,2021,2A,"II. Autoridades y personal. - A. Nombramientos, situaciones e incidencias",MINISTERIO DE IGUALDAD,5877,766,1551,1359,1613,1830
BOE-A-2021-11778,20210715,2021,2A,"II. Autoridades y personal. - A. Nombramientos, situaciones e incidencias",UNIVERSIDADES,3044,468,610,570,678,670
BOE-A-2021-11789,20210715,2021,2B,II. Autoridades y personal. - B. Oposiciones y concursos,"MINISTERIO DE TRANSPORTES, MOVILIDAD Y AGENDA URBANA",3903,577,846,762,912,920
BOE-A-2021-11805,20210715,2021,2B,II. Autoridades y personal. - B. Oposiciones y concursos,"MINISTERIO DE INCLUSIÓN, SEGURIDAD SOCIAL Y MIGRACIONES",3246,487,673,625,726,743
BOE-A-2021-11812,20210715,2021,2B,II. Autoridades y personal. - B. Oposiciones y concursos,COMUNIDAD AUTÓNOMA DE CATALUÑA,5951,876,1243,1130,1310,1354
BOE-A-2021-11857,20210715,2021,3,III. Otras disposiciones,"MINISTERIO DE AGRICULTURA, PESCA Y ALIMENTACIÓN",9646,1486,2316,2106,2352,2748
BOE-A-2021-11862,20210715,2021,3,III. Otras disposiciones,MINISTERIO DE CULTURA Y DEPORTE,1386,217,337,312,337,388
BOE-A-2021-11868,20210715,2021,3,III. Otras disposiciones,COMUNIDAD AUTÓNOMA DE CANARIAS,2893,441,602,550,640,647
BOE-A-2021-13919,20210816,2021,1,I. Disposiciones generales,MINISTERIO PARA LA TRANSICIÓN ECOLÓGICA Y EL RETO DEMOGRÁFICO,7275,1090,1471,1320,1647,1599
BOE-A-2021-13920,20210816,2021,2A,"II. Autoridades y personal. - A. Nombramientos, situaciones e incidencias",UNIVERSIDADES,1773,267,379,354,416,437
BOE-A-2021-13921,20210816,2021,2A,"II. Autoridades y personal. - A. Nombramientos, situaciones e incidencias",UNIVERSIDADES,1763,267,374,347,409,431
BOE-A-2021-13922,20210816,2021,2A,"II. Autoridades y personal. - A. Nombramientos, situaciones e incidencias",UNIVERSIDADES,1875,279,393,371,435,457
BOE-A-2021-13925,20210816,2021,2B,II. Autoridades y personal. - B. Oposiciones y concursos,MINISTERIO DE DEFENSA,4537,524,1650,1219,1399,1688
BOE-A-2021-13950,20210816,2021,2B,II. Autoridades y personal. - B. Oposiciones y concursos,ADMINISTRACIÓN LOCAL,818,124,168,159,190,186
BOE-A-2021-13953,20210816,2021,2B,II. Autoridades y personal. - B. Oposiciones y concursos,ADMINISTRACIÓN LOCAL,900,150,205,189,219,218
BOE-A-2021-13972,20210816,2021,3,III. Otras disposiciones,"MINISTERIO DE INDUSTRIA, COMERCIO Y TURISMO",42573,5200,12787,10780,11604,15193
BOE-A-2021-13974,20210816,2021,3,III. Otras disposiciones,"MINISTERIO DE INDUSTRIA, COMERCIO Y TURISMO",18449,2151,5123,4416,5168,6459
BOE-A-2021-13976,20210816,2021,3,III. Otras disposiciones,"MINISTERIO DE INDUSTRIA, COMERCIO Y TURISMO",24004,2954,6548,5815,6734,8063
BOE-A-2021-16684,20211015,2021,1,I. Disposiciones generales,TRIBUNAL CONSTITUCIONAL,781,115,177,168,179,221
BOE-A-2021-16687,20211015,2021,1,I. Disposiciones generales,TRIBUNAL CONSTITUCIONAL,985,140,234,207,228,266
BOE-A-2021-16688,20211015,2021,1,I. Disposiciones generales,TRIBUNAL CONSTITUCIONAL,889,130,201,181,207,230
BOE-A-2021-16691,20211015,2021,2A,"II. Autoridades y personal. - A. Nombramientos, situaciones e incidencias",CONSEJO GENERAL DEL PODER JUDICIAL,714,114,170,153,176,196
BOE-A-2021-16697,20211015,2021,2A,"II. Autoridades y personal. - A. Nombramientos, situaciones e incidencias",MINISTERIO DE EDUCACIÓN Y FORMACIÓN PROFESIONAL,2117,314,482,426,500,531
BOE-A-2021-16700,20211015,2021,2A,"II. Autoridades y personal. - A. Nombramientos, situaciones e incidencias",UNIVERSIDADES,1775,257,385,351,424,443
BOE-A-2021-16728,20211015,2021,2B,II. Autoridades y personal. - B. Oposiciones y concursos,"MINISTERIO DE LA PRESIDENCIA, RELACIONES CON LAS CORTES Y MEMORIA DEMOCRÁTICA",5681,817,1261,1140,1350,1414
BOE-A-2021-16740,20211015,2021,2B,II. Autoridades y personal. - B. Oposiciones y concursos,MINISTERIO DE DERECHOS SOCIALES Y AGENDA 2030,3764,558,810,738,869,871
BOE-A-2021-16777,20211015,2021,3,III. Otras disposiciones,MINISTERIO DEL INTERIOR,3880,535,790,732,866,887
BOE-A-2021-16786,20211015,2021,3,III. Otras disposiciones,MINISTERIO DE TRABAJO Y ECONOMÍA SOCIAL,204233,31182,38953,36862,43172,42382
BOE-A-2021-18613,20211115,2021,1,I. Disposiciones generales,MINISTERIO PARA LA TRANSICIÓN ECOLÓGICA Y EL RETO DEMOGRÁFICO,7285,1087,1458,1314,1640,1592
BOE-A-2021-18614,20211115,2021,1,I. Disposiciones generales,MINISTERIO PARA LA TRANSICIÓN ECOLÓGICA Y EL RETO DEMOGRÁFICO,5239,784,1223,1110,1288,1391
BOE-A-2021-18617,20211115,2021,2A,"II. Autoridades y personal. - A. Nombramientos, situaciones e incidencias",MINISTERIO DE JUSTICIA,555,89,122,113,134,139
BOE-A-2021-18619,20211115,2021,2A,"II. Autoridades y personal. - A. Nombramientos, situaciones e incidencias",MINISTERIO DE HACIENDA Y FUNCIÓN PÚBLICA,5024,724,1311,1027,1352,1416
BOE-A-2021-18622,20211115,2021,2A,"II. Autoridades y personal. - A. Nombramientos, situaciones e incidencias",UNIVERSIDADES,1966,288,397,367,446,460
BOE-A-2021-18640,20211115,2021,2B,II. Autoridades y personal. - B. Oposiciones y concursos,"MINISTERIO DE AGRICULTURA, PESCA Y ALIMENTACIÓN",9006,1303,1802,1658,2017,1938
BOE-A-2021-18661,20211115,2021,2B,II. Autoridades y personal. - B. Oposiciones y concursos,ADMINISTRACIÓN LOCAL,869,138,195,181,211,214
BOE-A-2021-18672,20211115,2021,2B,II. Autoridades y personal. - B. Oposiciones y concursos,UNIVERSIDADES,851,141,196,179,211,219
BOE-A-2021-18696,20211115,2021,3,III. Otras disposiciones,MINISTERIO DE CULTURA Y DEPORTE,6301,1004,1320,1239,1413,1494
BOE-A-2021-18701,20211115,2021,3,III. Otras disposiciones,COMISIÓN NACIONAL DEL MERCADO DE VALORES,64107,9787,12817,12101,13974,14661
BOE-A-2022-618,20220115,2022,1,I. Disposiciones generales,MINISTERIO DE UNIVERSIDADES,6543,931,1341,1182,1420,1478
BOE-A-2022-619,20220115,2022,1,I. Disposiciones generales,MINISTERIO DE UNIVERSIDADES,14608,1919,3234,2826,3287,3248
BOE-A-2022-620,20220115,2022,1,I. Disposiciones generales,MINISTERIO DE UNIVERSIDADES,4815,708,920,858,1006,1020
BOE-A-2022-621,20220115,2022,2A,"II. Autoridades y personal. - A. Nombramientos, situaciones e incidencias","MINISTERIO DE ASUNTOS EXTERIORES, UNIÓN EUROPEA Y COOPERACIÓN",658,95,154,142,165,195
BOE-A-2022-623,20220115,2022,2B,II. Autoridades y personal. - B. Oposiciones y concursos,MINISTERIO DE JUSTICIA,3623,550,746,695,810,824
BOE-A-2022-630,20220115,2022,2B,II. Autoridades y personal. - B. Oposiciones y concursos,"MINISTERIO DE INDUSTRIA, COMERCIO Y TURISMO",6232,923,1351,1215,1451,1450
BOE-A-2022-632,20220115,2022,2B,II. Autoridades y personal. - B. Oposiciones y concursos,"MINISTERIO DE INDUSTRIA, COMERCIO Y TURISMO",11233,1560,3341,2685,3265,3614
BOE-A-2022-652,20220115,2022,3,III. Otras disposiciones,MINISTERIO DE TRABAJO Y ECONOMÍA SOCIAL,141846,19459,37809,33756,37098,46725
BOE-A-2022-655,20220115,2022,3,III. Otras disposiciones,"MINISTERIO DE INDUSTRIA, COMERCIO Y TURISMO",19937,3013,4066,3756,4402,4382
BOE-A-2022-661,20220115,2022,3,III. Otras disposiciones,MINISTERIO DE POLÍTICA TERRITORIAL,1125,162,249,230,266,290
BOE-A-2022-2328,20220215,2022,1,I. Disposiciones generales,MINISTERIO PARA LA TRANSICIÓN ECOLÓGICA Y EL RETO DEMOGRÁFICO,28929,4524,5842,5459,6293,6398
BOE-A-2022-2329,20220215,2022,1,I. Disposiciones generales,MINISTERIO DE ASUNTOS ECONÓMICOS Y TRANSFORMACIÓN DIGITAL,681,106,171,150,172,191
BOE-A-2022-2330,20220215,2022,1,I. Disposiciones generales,COMUNIDAD FORAL DE NAVARRA,17681,2680,3647,3302,4008,4137
BOE-A-2022-2331,20220215,2022,2A,"II. Autoridades y personal. - A. Nombramientos, situaciones e incidencias",CONSEJO GENERAL DEL PODER JUDICIAL,1487,236,343,320,370,355
BOE-A-2022-2333,20220215,2022,2A,"II. Autoridades y personal. - A. Nombramientos, situaciones e incidencias",CONSEJO GENERAL DEL PODER JUDICIAL,2330,350,598,495,591,550
BOE-A-2022-2336,20220215,2022,2A,"II. Autoridades y personal. - A. Nombramientos, situaciones e incidencias",MINISTERIO DE JUSTICIA,1451,218,321,286,350,348
BOE-A-2022-2351,20220215,2022,2B,II. Autoridades y personal. - B. Oposiciones y concursos,MINISTERIO DE HACIENDA Y FUNCIÓN PÚBLICA,1920,290,460,431,480,500
BOE-A-2022-2369,20220215,2022,2B,II. Autoridades y personal. - B. Oposiciones y concursos,MINISTERIO DE SANIDAD,3367,505,702,656,775,778
BOE-A-2022-2421,20220215,2022,3,III. Otras disposiciones,MINISTERIO DEL INTERIOR,17725,2683,3403,3228,3755,3723
BOE-A-2022-2425,20220215,2022,3,III. Otras disposiciones,MINISTERIO DE EDUCACIÓN Y FORMACIÓN PROFESIONAL,19422,2961,3722,3505,4034,3888
BOE-A-2022-6170,20220415,2022,1,I. Disposiciones generales,"MINISTERIO DE ASUNTOS EXTERIORES, UNIÓN EUROPEA Y COOPERACIÓN",23021,2760,6873,6400,6797,6908
BOE-A-2022-6171,20220415,2022,1,I. Disposiciones generales,MINISTERIO DE CONSUMO,4014,611,783,746,833,844
BOE-A-2022-6173,20220415,2022,2A,"II. Autoridades y personal. - A. Nombramientos, situaciones e incidencias",MINISTERIO DE DEFENSA,584,90,143,135,148,161
BOE-A-2022-6177,20220415,2022,2A,"II. Autoridades y personal. - A. Nombramientos, situaciones e incidencias",CONSEJO DE SEGURIDAD NUCLEAR,2684,407,597,563,640,698
BOE-A-2022-6178,20220415,2022,2A,"II. Autoridades y personal. - A. Nombramientos, situaciones e incidencias",CONSEJO DE SEGURIDAD NUCLEAR,4349,592,1448,1105,1414,1588
BOE-A-2022-6193,20220415,2022,2B,II. Autoridades y personal. - B. Oposiciones y concursos,MINISTERIO DE TRABAJO Y ECONOMÍA SOCIAL,3176,470,658,618,712,735
BOE-A-2022-6203,20220415,2022,2B,II. Autoridades y personal. - B. Oposiciones y concursos,MINISTERIO PARA LA TRANSICIÓN ECOLÓGICA Y EL RETO DEMOGRÁFICO,4933,721,1242,942,1257,1211
BOE-A-2022-6215,20220415,2022,2B,II. Autoridades y personal. - B. Oposiciones y concursos,ADMINISTRACIÓN LOCAL,845,130,178,165,195,193
BOE-A-2022-6260,20220415,2022,3,III. Otras disposiciones,"MINISTERIO DE LA PRESIDENCIA, RELACIONES CON LAS CORTES Y MEMORIA DEMOCRÁTICA",24548,3763,5064,4673,5367,5454
BOE-A-2022-6271,20220415,2022,3,III. Otras disposiciones,CONSEJO DE SEGURIDAD NUCLEAR,38381,5878,7491,7083,8070,7986
BOE-A-2022-7877,20220516,2022,1,I. Disposiciones generales,MINISTERIO PARA LA TRANSICIÓN ECOLÓGICA Y EL RETO DEMOGRÁFICO,7260,1087,1466,1318,1646,1595
BOE-A-2022-7878,20220516,2022,1,I. Disposiciones generales,MINISTERIO PARA LA TRANSICIÓN ECOLÓGICA Y EL RETO DEMOGRÁFICO,5187,784,1234,1114,1292,1398
BOE-A-2022-7879,20220516,2022,1,I. Disposiciones generales,TRIBUNAL SUPREMO,3932,579,844,787,919,952
BOE-A-2022-7889,20220516,2022,2A,"II. Autoridades y personal. - A. Nombramientos, situaciones e incidencias",MINISTERIO PARA LA TRANSICIÓN ECOLÓGICA Y EL RETO DEMOGRÁFICO,2803,412,634,577,662,720
BOE-A-2022-7892,20220516,2022,2A,"II. Autoridades y personal. - A. Nombramientos, situaciones e incidencias",UNIVERSIDADES,1743,256,387,353,425,450
BOE-A-2022-7894,20220516,2022,2A,"II. Autoridades y personal. - A. Nombramientos, situaciones e incidencias",UNIVERSIDADES,1774,259,391,359,430,462
BOE-A-2022-7923,20220516,2022,2B,II. Autoridades y personal. - B. Oposiciones y concursos,MINISTERIO DE SANIDAD,3525,520,727,683,811,826
BOE-A-2022-7961,20220516,2022,2B,II. Autoridades y personal. - B. Oposiciones y concursos,ADMINISTRACIÓN LOCAL,974,146,206,192,236,231
BOE-A-2022-8041,20220516,2022,3,III. Otras disposiciones,MINISTERIO DE EDUCACIÓN Y FORMACIÓN PROFESIONAL,2151,326,439,407,483,494
BOE-A-2022-8049,20220516,2022,3,III. Otras disposiciones,MINISTERIO PARA LA TRANSICIÓN ECOLÓGICA Y EL RETO DEMOGRÁFICO,71264,10886,14939,13726,15986,15592
BOE-A-2022-11722,20220715,2022,1,I. Disposiciones generales,MINISTERIO DEL INTERIOR,3702,560,774,709,826,876
BOE-A-2022-11725,20220715,2022,2A,"II. Autoridades y personal. - A. Nombramientos, situaciones e incidencias","MINISTERIO DE INDUSTRIA, COMERCIO Y TURISMO",13052,1907,5393,3781,4716,4900
BOE-A-2022-11733,20220715,2022,2A,"II. Autoridades y personal. - A. Nombramientos, situaciones e incidencias",UNIVERSIDADES,2472,375,506,484,568,596
BOE-A-2022-11739,20220715,2022,2A,"II. Autoridades y personal. - A. Nombramientos, situaciones e incidencias",UNIVERSIDADES,2257,346,487,451,549,553
BOE-A-2022-11749,20220715,2022,2B,II. Autoridades y personal. - B. Oposiciones y concursos,MINISTERIO DE JUSTICIA,5067,741,1095,994,1188,1198
BOE-A-2022-11760,20220715,2022,2B,II. Autoridades y personal. - B. Oposiciones y concursos,MINISTERIO PARA LA TRANSICIÓN ECOLÓGICA Y EL RETO DEMOGRÁFICO,12402,1762,4267,2587,3713,3676
BOE-A-2022-11764,20220715,2022,2B,II. Autoridades y personal. - B. Oposiciones y concursos,MINISTERIO DE SANIDAD,3522,518,733,682,815,826
BOE-A-2022-11788,20220715,2022,3,III. Otras disposiciones,MINISTERIO DE DEFENSA,12296,1926,2547,2398,2764,2741
BOE-A-2022-11790,20220715,2022,3,III. Otras disposiciones,MINISTERIO DE HACIENDA Y FUNCIÓN PÚBLICA,792734,91951,365099,236525,282822,402100
BOE-A-2022-11803,20220715,2022,3,III. Otras disposiciones,MINISTERIO DE UNIVERSIDADES,22272,3427,4396,4155,4809,4664
BOE-A-2022-13724,20220815,2022,1,I. Disposiciones generales,"MINISTERIO DE LA PRESIDENCIA, RELACIONES CON LAS CORTES Y MEMORIA DEMOCRÁTICA",15153,2268,2929,2750,3116,3258
BOE-A-2022-13727,20220815,2022,1,I. Disposiciones generales,COMUNITAT VALENCIANA,9544,1388,1860,1775,1960,2073
BOE-A-2022-13728,20220815,2022,2A,"II. Autoridades y personal. - A. Nombramientos, situaciones e incidencias",UNIVERSIDADES,1834,277,388,359,427,440
BOE-A-2022-13731,20220815,2022,2A,"II. Autoridades y personal. - A. Nombramientos, situaciones e incidencias",UNIVERSIDADES,1855,279,386,360,428,444
BOE-A-2022-13732,20220815,2022,2B,II. Autoridades y personal. - B. Oposiciones y concursos,"MINISTERIO DE ASUNTOS EXTERIORES, UNIÓN EUROPEA Y COOPERACIÓN",5436,823,1150,1049,1257,1238
BOE-A-2022-13736,20220815,2022,2B,II. Autoridades y personal. - B. Oposiciones y concursos,"MINISTERIO DE LA PRESIDENCIA, RELACIONES CON LAS CORTES Y MEMORIA DEMOCRÁTICA",4738,705,992,922,1081,1100
BOE-A-2022-13780,20220815,2022,3,III. Otras disposiciones,MINISTERIO DE UNIVERSIDADES,20001,3051,3948,3729,4347,4217
BOE-A-2022-13781,20220815,2022,3,III. Otras disposiciones,MINISTERIO DE UNIVERSIDADES,12901,1977,2534,2417,2817,2762
BOE-A-2022-13787,20220815,2022,T,T.C. Sección del Tribunal Constitucional,TRIBUNAL CONSTITUCIONAL,47398,7484,10182,9485,11004,11320
BOE-A-2022-13796,20220815,2022,T,T.C. Sección del Tribunal Constitucional,TRIBUNAL CONSTITUCIONAL,37114,5625,7488,6896,8170,8147
BOE-A-2022-16829,20221015,2022,1,I. Disposiciones generales,MINISTERIO DE HACIENDA Y FUNCIÓN PÚBLICA,1728,257,521,450,504,541
BOE-A-2022-16830,20221015,2022,1,I. Disposiciones generales,MINISTERIO DE ASUNTOS ECONÓMICOS Y TRANSFORMACIÓN DIGITAL,7571,1215,1578,1493,1709,1806
BOE-A-2022-16831,20221015,2022,2A,"II. Autoridades y personal. - A. Nombramientos, situaciones e incidencias",MINISTERIO DE POLÍTICA TERRITORIAL,1914,285,413,380,434,468
BOE-A-2022-16832,20221015,2022,2A,"II. Autoridades y personal. - A. Nombramientos, situaciones e incidencias",CONSEJO DE SEGURIDAD NUCLEAR,1933,286,458,399,480,505
BOE-A-2022-16833,20221015,2022,2A,"II. Autoridades y personal. - A. Nombramientos, situaciones e incidencias",UNIVERSIDADES,1956,293,419,382,458,471
BOE-A-2022-16860,20221015,2022,2B,II. Autoridades y personal. - B. Oposiciones y concursos,"MINISTERIO DE INCLUSIÓN, SEGURIDAD SOCIAL Y MIGRACIONES",3253,477,675,619,739,748
BOE-A-2022-16871,20221015,2022,2B,II. Autoridades y personal. - B. Oposiciones y concursos,ADMINISTRACIÓN LOCAL,855,133,179,167,194,192
BOE-A-2022-16872,20221015,2022,2B,II. Autoridades y personal. - B. Oposiciones y concursos,ADMINISTRACIÓN LOCAL,906,138,190,182,215,224
BOE-A-2022-16880,20221015,2022,3,III. Otras disposiciones,MINISTERIO DE DEFENSA,6207,893,1396,1272,1413,1665
BOE-A-2022-16883,20221015,2022,3,III. Otras disposiciones,MINISTERIO DE EDUCACIÓN Y FORMACIÓN PROFESIONAL,22382,3427,4266,4027,4635,4528
BOE-A-2022-18705,20221115,2022,1,I. Disposiciones generales,MINISTERIO DEL INTERIOR,3749,561,762,699,828,860
BOE-A-2022-18706,20221115,2022,1,I. Disposiciones generales,MINISTERIO PARA LA TRANSICIÓN ECOLÓGICA Y EL RETO DEMOGRÁFICO,5592,844,1319,1174,1337,1526
BOE-A-2022-18710,20221115,2022,2A,"II. Autoridades y personal. - A. Nombramientos, situaciones e incidencias",MINISTERIO DE HACIENDA Y FUNCIÓN PÚBLICA,3326,498,693,631,737,792
BOE-A-2022-18713,20221115,2022,2A,"II. Autoridades y personal. - A. Nombramientos, situaciones e incidencias",MINISTERIO DE CULTURA Y DEPORTE,2496,364,559,517,588,644
BOE-A-2022-18714,20221115,2022,2A,"II. Autoridades y personal. - A. Nombramientos, situaciones e incidencias",MINISTERIO DE DERECHOS SOCIALES Y AGENDA 2030,2487,378,564,518,606,637
BOE-A-2022-18734,20221115,2022,2B,II. Autoridades y personal. - B. Oposiciones y concursos,MINISTERIO DE SANIDAD,3587,531,752,703,833,841
BOE-A-2022-18752,20221115,2022,2B,II. Autoridades y personal. - B. Oposiciones y concursos,ADMINISTRACIÓN LOCAL,756,116,162,154,184,184
BOE-A-2022-18764,20221115,2022,2B,II. Autoridades y personal. - B. Oposiciones y concursos,ADMINISTRACIÓN LOCAL,1008,159,210,200,231,240
BOE-A-2022-18800,20221115,2022,3,III. Otras disposiciones,"MINISTERIO DE LA PRESIDENCIA, RELACIONES CON LAS CORTES Y MEMORIA DEMOCRÁTICA",29373,4474,6001,5568,6552,6512
BOE-A-2022-18809,20221115,2022,3,III. Otras disposiciones,COMUNIDAD AUTÓNOMA DEL PAÍS VASCO,6759,983,1500,1395,1548,1688
BOE-A-2023-1010,20230116,2023,1,I. Disposiciones generales,"MINISTERIO DE ASUNTOS EXTERIORES, UNIÓN EUROPEA Y COOPERACIÓN",212273,32402,44622,41811,48978,49861
BOE-A-2023-1011,20230116,2023,1,I. Disposiciones generales,MINISTERIO PARA LA TRANSICIÓN ECOLÓGICA Y EL RETO DEMOGRÁFICO,7276,1088,1471,1326,1650,1598
BOE-A-2023-1013,20230116,2023,1,I. Disposiciones generales,MINISTERIO DE SANIDAD,211178,28341,59568,54762,62110,72526
BOE-A-2023-1021,20230116,2023,2A,"II. Autoridades y personal. - A. Nombramientos, situaciones e incidencias",MINISTERIO DE EDUCACIÓN Y FORMACIÓN PROFESIONAL,3254,480,722,660,781,813
BOE-A-2023-1022,20230116,2023,2A,"II. Autoridades y personal. - A. Nombramientos, situaciones e incidencias","MINISTERIO DE LA PRESIDENCIA, RELACIONES CON LAS CORTES Y MEMORIA DEMOCRÁTICA",507,79,115,115,127,142
BOE-A-2023-1024,20230116,2023,2A,"II. Autoridades y personal. - A. Nombramientos, situaciones e incidencias",COMUNIDAD AUTÓNOMA DE CANARIAS,4779,709,1084,961,1153,1224
BOE-A-2023-1028,20230116,2023,2B,II. Autoridades y personal. - B. Oposiciones y concursos,MINISTERIO DE HACIENDA Y FUNCIÓN PÚBLICA,21193,1452,10597,8201,8277,13092
BOE-A-2023-1062,20230116,2023,2B,II. Autoridades y personal. - B. Oposiciones y concursos,UNIVERSIDADES,38320,5832,8030,7224,8286,8225
BOE-A-2023-1075,20230116,2023,3,III. Otras disposiciones,"MINISTERIO DE TRANSPORTES, MOVILIDAD Y AGENDA URBANA",5969,908,1409,1279,1430,1521
BOE-A-2023-1081,20230116,2023,3,III. Otras disposiciones,MINISTERIO PARA LA TRANSICIÓN ECOLÓGICA Y EL RETO DEMOGRÁFICO,55799,8364,11837,10814,12635,12522
BOE-A-2023-3979,20230215,2023,1,I. Disposiciones generales,TRIBUNAL CONSTITUCIONAL,412,56,91,83,97,107
BOE-A-2023-3980,20230215,2023,1,I. Disposiciones generales,TRIBUNAL CONSTITUCIONAL,939,137,217,197,220,253
BOE-A-2023-3983,20230215,2023,1,I. Disposiciones generales,MINISTERIO DE ASUNTOS ECONÓMICOS Y TRANSFORMACIÓN DIGITAL,4890,582,1251,1169,1258,1776
BOE-A-2023-3984,20230215,2023,2A,"II. Autoridades y personal. - A. Nombramientos, situaciones e incidencias",PRESIDENCIA DEL GOBIERNO,401,60,103,95,104,111
BOE-A-2023-3999,20230215,2023,2A,"II. Autoridades y personal. - A. Nombramientos, situaciones e incidencias",MINISTERIO DE CULTURA Y DEPORTE,396,63,96,89,100,105
BOE-A-2023-4002,20230215,2023,2A,"II. Autoridades y personal. - A. Nombramientos, situaciones e incidencias",MINISTERIO DE ASUNTOS ECONÓMICOS Y TRANSFORMACIÓN DIGITAL,641,100,149,135,160,168
BOE-A-2023-4019,20230215,2023,2B,II. Autoridades y personal. - B. Oposiciones y concursos,MINISTERIO DE DEFENSA,3529,516,741,673,805,821
BOE-A-2023-4066,20230215,2023,2B,II. Autoridades y personal. - B. Oposiciones y concursos,ADMINISTRACIÓN LOCAL,827,125,175,165,196,193
BOE-A-2023-4121,20230215,2023,3,III. Otras disposiciones,"MINISTERIO DE INDUSTRIA, COMERCIO Y TURISMO",9221,1288,2752,1884,2537,2605
BOE-A-2023-4127,20230215,2023,3,III. Otras disposiciones,MINISTERIO DE CIENCIA E INNOVACIÓN,938,147,194,178,211,204
BOE-A-2023-9221,20230415,2023,1,I. Disposiciones generales,COMUNIDAD AUTÓNOMA DE CANARIAS,48800,7274,9758,9139,10677,11030
BOE-A-2023-9222,20230415,2023,1,I. Disposiciones generales,COMUNIDAD FORAL DE NAVARRA,32177,4908,6291,5906,6695,6753
BOE-A-2023-9223,20230415,2023,1,I. Disposiciones generales,COMUNIDAD FORAL DE NAVARRA,11852,1754,2352,2195,2608,2637
BOE-A-2023-9224,20230415,2023,2A,"II. Autoridades y personal. - A. Nombramientos, situaciones e incidencias",CONSEJO GENERAL DEL PODER JUDICIAL,751,122,189,167,192,212
BOE-A-2023-9229,20230415,2023,2A,"II. Autoridades y personal. - A. Nombramientos, situaciones e incidencias",MINISTERIO DE ASUNTOS ECONÓMICOS Y TRANSFORMACIÓN DIGITAL,638,94,153,143,160,181
BOE-A-2023-9230,20230415,2023,2A,"II. Autoridades y personal. - A. Nombramientos, situaciones e incidencias",MINISTERIO DE CIENCIA E INNOVACIÓN,2423,355,539,504,592,635
BOE-A-2023-9252,20230415,2023,2B,II. Autoridades y personal. - B. Oposiciones y concursos,"MINISTERIO DE INCLUSIÓN, SEGURIDAD SOCIAL Y MIGRACIONES",3737,565,744,693,795,829
BOE-A-2023-9254,20230415,2023,2B,II. Autoridades y personal. - B. Oposiciones y concursos,CONSEJO DE SEGURIDAD NUCLEAR,4358,651,914,839,987,972
BOE-A-2023-9278,20230415,2023,3,III. Otras disposiciones,MINISTERIO PARA LA TRANSICIÓN ECOLÓGICA Y EL RETO DEMOGRÁFICO,85445,13253,17829,16676,19572,18682
BOE-A-2023-9284,20230415,2023,3,III. Otras disposiciones,MINISTERIO DE ASUNTOS ECONÓMICOS Y TRANSFORMACIÓN DIGITAL,2355,358,482,458,522,552
BOE-A-2023-11400,20230515,2023,1,I. Disposiciones generales,MINISTERIO PARA LA TRANSICIÓN ECOLÓGICA Y EL RETO DEMOGRÁFICO,7259,1087,1461,1323,1643,1593
BOE-A-2023-11401,20230515,2023,1,I. Disposiciones generales,MINISTERIO PARA LA TRANSICIÓN ECOLÓGICA Y EL RETO DEMOGRÁFICO,7679,1187,1775,1624,1870,1987
BOE-A-2023-11407,20230515,2023,2A,"II. Autoridades y personal. - A. Nombramientos, situaciones e incidencias",MINISTERIO DE POLÍTICA TERRITORIAL,2521,372,559,513,594,650
BOE-A-2023-11409,20230515,2023,2A,"II. Autoridades y personal. - A. Nombramientos, situaciones e incidencias",MINISTERIO DE CULTURA Y DEPORTE,2162,341,463,438,502,498
BOE-A-2023-11415,20230515,2023,2A,"II. Autoridades y personal. - A. Nombramientos, situaciones e incidencias",UNIVERSIDADES,989,147,229,201,246,256
BOE-A-2023-11438,20230515,2023,2B,II. Autoridades y personal. - B. Oposiciones y concursos,MINISTERIO DE SANIDAD,3469,514,714,667,792,790
BOE-A-2023-11440,20230515,2023,2B,II. Autoridades y personal. - B. Oposiciones y concursos,MINISTERIO DE SANIDAD,3466,524,733,682,799,808
BOE-A-2023-11481,20230515,2023,2B,II. Autoridades y personal. - B. Oposiciones y concursos,ADMINISTRACIÓN LOCAL,6027,893,1258,1143,1488,1371
BOE-A-2023-11533,20230515,2023,3,III. Otras disposiciones,MINISTERIO PARA LA TRANSICIÓN ECOLÓGICA Y EL RETO DEMOGRÁFICO,11792,1835,2481,2321,2626,2685
BOE-A-2023-11547,20230515,2023,3,III. Otras disposiciones,MINISTERIO PARA LA TRANSICIÓN ECOLÓGICA Y EL RETO DEMOGRÁFICO,32800,4928,6878,6318,7178,7329
BOE-A-2023-16400,20230715,2023,1,I. Disposiciones generales,MINISTERIO PARA LA TRANSICIÓN ECOLÓGICA Y EL RETO DEMOGRÁFICO,30548,4843,6301,5945,6945,7020
BOE-A-2023-16401,20230715,2023,1,I. Disposiciones generales,COMUNIDAD FORAL DE NAVARRA,93994,13994,18033,16619,19806,19260
BOE-A-2023-16402,20230715,2023,1,I. Disposiciones generales,COMUNIDAD AUTÓNOMA DE EXTREMADURA,99104,14801,19591,18369,21922,22006
BOE-A-2023-16405,20230715,2023,2A,"II. Autoridades y personal. - A. Nombramientos, situaciones e incidencias",PRESIDENCIA DEL GOBIERNO,409,63,114,100,105,119
BOE-A-2023-16407,20230715,2023,2A,"II. Autoridades y personal. - A. Nombramientos, situaciones e incidencias",MINISTERIO DE DEFENSA,2980,409,720,639,728,778
BOE-A-2023-16409,20230715,2023,2A,"II. Autoridades y personal. - A. Nombramientos, situaciones e incidencias",MINISTERIO FISCAL,4281,661,923,860,1010,1010
BOE-A-2023-16429,20230715,2023,2B,II. Autoridades y personal. - B. Oposiciones y concursos,MINISTERIO DE CIENCIA E INNOVACIÓN,3062,452,659,607,718,731
BOE-A-2023-16436,20230715,2023,2B,II. Autoridades y personal. - B. Oposiciones y concursos,UNIVERSIDADES,3036,414,1001,937,951,1126
BOE-A-2023-16450,20230715,2023,3,III. Otras disposiciones,"MINISTERIO DE INDUSTRIA, COMERCIO Y TURISMO",26254,4013,5260,4928,5759,5556
BOE-A-2023-16457,20230715,2023,3,III. Otras disposiciones,MINISTERIO PARA LA TRANSICIÓN ECOLÓGICA Y EL RETO DEMOGRÁFICO,52963,8009,11162,10429,12239,11894
BOE-A-2023-18411,20230815,2023,1,I. Disposiciones generales,COMUNIDAD AUTÓNOMA DE ANDALUCÍA,34077,5283,6388,6047,7072,6960
BOE-A-2023-18412,20230815,2023,1,I. Disposiciones generales,COMUNIDAD AUTÓNOMA DE ANDALUCÍA,13903,2135,2807,2639,2964,3081
BOE-A-2023-18413,20230815,2023,1,I. Disposiciones generales,COMUNIDAD AUTÓNOMA DE LA RIOJA,4497,710,952,898,1040,1074
BOE-A-2023-18414,20230815,2023,2A,"II. Autoridades y personal. - A. Nombramientos, situaciones e incidencias",MINISTERIO DE HACIENDA Y FUNCIÓN PÚBLICA,2535,385,547,514,572,630
BOE-A-2023-18415,20230815,2023,2A,"II. Autoridades y personal. - A. Nombramientos, situaciones e incidencias",MINISTERIO DE POLÍTICA TERRITORIAL,631,98,149,133,154,169
BOE-A-2023-18435,20230815,2023,2B,II. Autoridades y personal. - B. Oposiciones y concursos,ADMINISTRACIÓN LOCAL,779,117,164,158,180,182
BOE-A-2023-18439,20230815,2023,2B,II. Autoridades y personal. - B. Oposiciones y concursos,ADMINISTRACIÓN LOCAL,857,138,185,180,202,212
BOE-A-2023-18459,20230815,2023,2B,II. Autoridades y personal. - B. Oposiciones y concursos,ADMINISTRACIÓN LOCAL,3959,570,790,757,912,879
BOE-A-2023-18464,20230815,2023,3,III. Otras disposiciones,"MINISTERIO DE TRANSPORTES, MOVILIDAD Y AGENDA URBANA",4927,743,1022,941,1099,1068
BOE-A-2023-18472,20230815,2023,3,III. Otras disposiciones,MINISTERIO DE UNIVERSIDADES,15127,2341,3076,2902,3345,3320
BOE-A-2023-21300,20231016,2023,1,I. Disposiciones generales,MINISTERIO PARA LA TRANSICIÓN ECOLÓGICA Y EL RETO DEMOGRÁFICO,7279,1087,1466,1324,1643,1595
BOE-A-2023-21302,20231016,2023,2A,"II. Autoridades y personal. - A. Nombramientos, situaciones e incidencias",MINISTERIO DE HACIENDA Y FUNCIÓN PÚBLICA,2497,367,540,506,564,633
BOE-A-2023-21307,20231016,2023,2A,"II. Autoridades y personal. - A. Nombramientos, situaciones e incidencias",MINISTERIO DE CONSUMO,1473,208,292,260,316,302
BOE-A-2023-21311,20231016,2023,2A,"II. Autoridades y personal. - A. Nombramientos, situaciones e incidencias",UNIVERSIDADES,1760,259,385,357,417,440
BOE-A-2023-21314,20231016,2023,2B,II. Autoridades y personal. - B. Oposiciones y concursos,MINISTERIO DE JUSTICIA,20514,2888,7148,4975,6456,6430
BOE-A-2023-21324,20231016,2023,2B,II. Autoridades y personal. - B. Oposiciones y concursos,"MINISTERIO DE LA PRESIDENCIA, RELACIONES CON LAS CORTES Y MEMORIA DEMOCRÁTICA",6123,881,1287,1191,1421,1423
BOE-A-2023-21371,20231016,2023,2B,II. Autoridades y personal. - B. Oposiciones y concursos,UNIVERSIDADES,38088,5753,8124,7276,8261,8243
BOE-A-2023-21377,20231016,2023,3,III. Otras disposiciones,MINISTERIO DE JUSTICIA,4228,627,940,877,993,1014
BOE-A-2023-21392,20231016,2023,3,III. Otras disposiciones,"MINISTERIO DE TRANSPORTES, MOVILIDAD Y AGENDA URBANA",19394,2917,3717,3514,4112,4108
BOE-A-2023-21410,20231016,2023,3,III. Otras disposiciones,COMUNIDAD DE CASTILLA Y LEÓN,14721,2364,3270,3187,3553,3524
BOE-A-2023-23119,20231115,2023,1,I. Disposiciones generales,"MINISTERIO DE TRANSPORTES, MOVILIDAD Y AGENDA URBANA",23345,3726,4706,4416,5200,4898
BOE-A-2023-23120,20231115,2023,1,I. Disposiciones generales,MINISTERIO PARA LA TRANSICIÓN ECOLÓGICA Y EL RETO DEMOGRÁFICO,26258,4014,5327,5012,5797,5986
BOE-A-2023-23121,20231115,2023,1,I. Disposiciones generales,MINISTERIO DE CULTURA Y DEPORTE,30091,4541,5763,5499,6252,6336
BOE-A-2023-23127,20231115,2023,2A,"II. Autoridades y personal. - A. Nombramientos, situaciones e incidencias",MINISTERIO DE DERECHOS SOCIALES Y AGENDA 2030,2735,416,731,622,725,800
BOE-A-2023-23129,20231115,2023,2A,"II. Autoridades y personal. - A. Nombramientos, situaciones e incidencias",UNIVERSIDADES,1342,191,304,259,339,327
BOE-A-2023-23133,20231115,2023,2A,"II. Autoridades y personal. - A. Nombramientos, situaciones e incidencias",UNIVERSIDADES,1582,233,341,308,382,370
BOE-A-2023-23141,20231115,2023,2B,II. Autoridades y personal. - B. Oposiciones y concursos,MINISTERIO DE DEFENSA,4126,595,851,779,918,942
BOE-A-2023-23157,20231115,2023,2B,II. Autoridades y personal. - B. Oposiciones y concursos,"MINISTERIO DE INCLUSIÓN, SEGURIDAD SOCIAL Y MIGRACIONES",3530,513,737,670,787,836
BOE-A-2023-23190,20231115,2023,3,III. Otras disposiciones,MINISTERIO DE TRABAJO Y ECONOMÍA SOCIAL,137456,21715,28392,26524,30992,30907
BOE-A-2023-23204,20231115,2023,3,III. Otras disposiciones,MINISTERIO DE DERECHOS SOCIALES Y AGENDA 2030,47406,7156,9686,8880,10281,10536
BOE-A-2024-714,20240115,2024,1,I. Disposiciones generales,MINISTERIO PARA LA TRANSICIÓN ECOLÓGICA Y EL RETO DEMOGRÁFICO,7270,1088,1461,1325,1646,1595
BOE-A-2024-715,20240115,2024,1,I. Disposiciones generales,MINISTERIO PARA LA TRANSICIÓN ECOLÓGICA Y EL RETO DEMOGRÁFICO,8965,1376,2030,1866,2169,2284
BOE-A-2024-716,20240115,2024,2A,"II. Autoridades y personal. - A. Nombramientos, situaciones e incidencias",MINISTERIO DE HACIENDA Y FUNCIÓN PÚBLICA,19494,2410,6838,4535,6058,6754
BOE-A-2024-717,20240115,2024,2A,"II. Autoridades y personal. - A. Nombramientos, situaciones e incidencias",MINISTERIO DE HACIENDA Y FUNCIÓN PÚBLICA,4343,641,1067,894,1077,1128
BOE-A-2024-721,20240115,2024,2A,"II. Autoridades y personal. - A. Nombramientos, situaciones e incidencias",MINISTERIO DE SANIDAD,1663,251,347,315,379,378
BOE-A-2024-722,20240115,2024,2B,II. Autoridades y personal. - B. Oposiciones y concursos,"MINISTERIO DE ASUNTOS EXTERIORES, UNIÓN EUROPEA Y COOPERACIÓN",3918,580,828,775,883,911
BOE-A-2024-753,20240115,2024,2B,II. Autoridades y personal. - B. Oposiciones y concursos,ADMINISTRACIÓN LOCAL,920,146,202,191,218,220
BOE-A-2024-758,20240115,2024,2B,II. Autoridades y personal. - B. Oposiciones y concursos,ADMINISTRACIÓN LOCAL,1407,221,294,281,322,340
BOE-A-2024-771,20240115,2024,3,III. Otras disposiciones,"MINISTERIO DE ECONOMÍA, COMERCIO Y EMPRESA",9012,1126,2776,2444,2596,3902
BOE-A-2024-772,20240115,2024,3,III. Otras disposiciones,BANCO DE ESPAÑA,552,87,127,121,127,147
BOE-A-2024-2849,20240215,2024,1,I. Disposiciones generales,"MINISTERIO DE ASUNTOS EXTERIORES, UNIÓN EUROPEA Y COOPERACIÓN",2775,429,597,546,633,664
BOE-A-2024-2850,20240215,2024,1,I. Disposiciones generales,MINISTERIO DE TRANSPORTES Y MOVILIDAD SOSTENIBLE,17422,2718,3421,3214,3847,3804
BOE-A-2024-2851,20240215,2024,1,I. Disposiciones generales,MINISTERIO DE TRANSPORTES Y MOVILIDAD SOSTENIBLE,19508,3031,3919,3792,4337,4433
BOE-A-2024-2855,20240215,2024,2A,"II. Autoridades y personal. - A. Nombramientos, situaciones e incidencias","MINISTERIO DE EDUCACIÓN, FORMACIÓN PROFESIONAL Y DEPORTES",3498,508,769,680,845,865
BOE-A-2024-2857,20240215,2024,2A,"II. Autoridades y personal. - A. Nombramientos, situaciones e incidencias","MINISTERIO DE EDUCACIÓN, FORMACIÓN PROFESIONAL Y DEPORTES",78550,5621,45150,32283,32097,46004
BOE-A-2024-2859,20240215,2024,2A,"II. Autoridades y personal. - A. Nombramientos, situaciones e incidencias","MINISTERIO DE EDUCACIÓN, FORMACIÓN PROFESIONAL Y DEPORTES",2192,331,474,442,503,531
BOE-A-2024-2881,20240215,2024,2B,II. Autoridades y personal. - B. Oposiciones y concursos,MINISTERIO DE DEFENSA,3765,550,787,727,869,879
BOE-A-2024-2891,20240215,2024,2B,II. Autoridades y personal. - B. Oposiciones y concursos,"MINISTERIO DE ECONOMÍA, COMERCIO Y EMPRESA",3789,558,835,728,910,897
BOE-A-2024-2936,20240215,2024,3,III. Otras disposiciones,"MINISTERIO DE EDUCACIÓN, FORMACIÓN PROFESIONAL Y DEPORTES",22946,3502,4383,4142,4803,4653
BOE-A-2024-2950,20240215,2024,3,III. Otras disposiciones,UNIVERSIDADES,3214,418,741,644,795,817
BOE-A-2024-7294,20240415,2024,1,I. Disposiciones generales,"MINISTERIO DE ASUNTOS EXTERIORES, UNIÓN EUROPEA Y COOPERACIÓN",3231,494,687,658,732,727
BOE-A-2024-7295,20240415,2024,1,I. Disposiciones generales,"MINISTERIO DE ASUNTOS EXTERIORES, UNIÓN EUROPEA Y COOPERACIÓN",3100,460,646,604,697,706
BOE-A-2024-7297,20240415,2024,1,I. Disposiciones generales,MINISTERIO PARA LA TRANSICIÓN ECOLÓGICA Y EL RETO DEMOGRÁFICO,7265,1087,1462,1325,1645,1593
BOE-A-2024-7311,20240415,2024,2A,"II. Autoridades y personal. - A. Nombramientos, situaciones e incidencias",MINISTERIO PARA LA TRANSFORMACIÓN DIGITAL Y DE LA FUNCIÓN PÚBLICA,2737,412,661,582,685,719
BOE-A-2024-7322,20240415,2024,2A,"II. Autoridades y personal. - A. Nombramientos, situaciones e incidencias",UNIVERSIDADES,3228,464,671,612,756,721
BOE-A-2024-7328,20240415,2024,2A,"II. Autoridades y personal. - A. Nombramientos, situaciones e incidencias",UNIVERSIDADES,953,141,208,192,234,229
BOE-A-2024-7378,20240415,2024,2B,II. Autoridades y personal. - B. Oposiciones y concursos,ADMINISTRACIÓN LOCAL,718,113,149,144,167,164
BOE-A-2024-7402,20240415,2024,2B,II. Autoridades y personal. - B. Oposiciones y concursos,ADMINISTRACIÓN LOCAL,754,118,162,156,176,182
BOE-A-2024-7466,20240415,2024,3,III. Otras disposiciones,MINISTERIO DEL INTERIOR,18592,2778,3677,3419,3975,3986
BOE-A-2024-7475,20240415,2024,3,III. Otras disposiciones,"MINISTERIO DE DERECHOS SOCIALES, CONSUMO Y AGENDA 2030",7966,1211,1614,1522,1791,1770
BOE-A-2024-9699,20240515,2024,1,I. Disposiciones generales,JEFATURA DEL ESTADO,13742,2073,2784,2632,2989,3188
BOE-A-2024-9700,20240515,2024,1,I. Disposiciones generales,"MINISTERIO DE LA PRESIDENCIA, JUSTICIA Y RELACIONES CON LAS CORTES",16871,2601,3188,3033,3474,3449
BOE-A-2024-9711,20240515,2024,2A,"II. Autoridades y personal. - A. Nombramientos, situaciones e incidencias",MINISTERIO DE INDUSTRIA Y TURISMO,390,67,102,93,104,109
BOE-A-2024-9723,20240515,2024,2A,"II. Autoridades y personal. - A. Nombramientos, situaciones e incidencias",UNIVERSIDADES,1926,285,406,366,443,446
BOE-A-2024-9727,20240515,2024,2B,II. Autoridades y personal. - B. Oposiciones y concursos,"MINISTERIO DE ASUNTOS EXTERIORES, UNIÓN EUROPEA Y COOPERACIÓN",11819,1733,5049,3974,4326,4695
BOE-A-2024-9735,20240515,2024,2B,II. Autoridades y personal. - B. Oposiciones y concursos,MINISTERIO DE HACIENDA,6561,978,1310,1212,1427,1386
BOE-A-2024-9798,20240515,2024,3,III. Otras disposiciones,"MINISTERIO DE LA PRESIDENCIA, JUSTICIA Y RELACIONES CON LAS CORTES",2193,339,469,439,518,518
BOE-A-2024-9828,20240515,2024,3,III. Otras disposiciones,COMUNIDAD AUTÓNOMA DEL PAÍS VASCO,6404,933,1385,1290,1442,1517
BOE-A-2024-9833,20240515,2024,T,T.C. Sección del Tribunal Constitucional,TRIBUNAL CONSTITUCIONAL,68722,10916,14439,13486,15665,15896
BOE-A-2024-9836,20240515,2024,T,T.C. Sección del Tribunal Constitucional,TRIBUNAL CONSTITUCIONAL,72935,11708,14938,13995,16311,16259
BOE-A-2024-14389,20240715,2024,1,I. Disposiciones generales,MINISTERIO PARA LA TRANSICIÓN ECOLÓGICA Y EL RETO DEMOGRÁFICO,9503,1291,2477,2244,2344,3044
BOE-A-2024-14390,20240715,2024,1,I. Disposiciones generales,MINISTERIO PARA LA TRANSICIÓN ECOLÓGICA Y EL RETO DEMOGRÁFICO,7234,1078,1463,1324,1645,1599
BOE-A-2024-14392,20240715,2024,1,I. Disposiciones generales,COMUNIDAD AUTÓNOMA DE ARAGÓN,166905,26150,33467,31465,36471,35855
BOE-A-2024-14393,20240715,2024,2A,"II. Autoridades y personal. - A. Nombramientos, situaciones e incidencias",CONSEJO GENERAL DEL PODER JUDICIAL,1130,182,260,237,278,282
BOE-A-2024-14395,20240715,2024,2A,"II. Autoridades y personal. - A. Nombramientos, situaciones e incidencias","MINISTERIO DE ASUNTOS EXTERIORES, UNIÓN EUROPEA Y COOPERACIÓN",2706,390,725,564,704,727
BOE-A-2024-14405,20240715,2024,2A,"II. Autoridades y personal. - A. Nombramientos, situaciones e incidencias",MINISTERIO PARA LA TRANSFORMACIÓN DIGITAL Y DE LA FUNCIÓN PÚBLICA,2755,409,673,555,683,700
BOE-A-2024-14420,20240715,2024,2B,II. Autoridades y personal. - B. Oposiciones y concursos,TRIBUNAL DE CUENTAS,13915,2101,3229,3006,3484,3520
BOE-A-2024-14448,20240715,2024,2B,II. Autoridades y personal. - B. Oposiciones y concursos,ADMINISTRACIÓN LOCAL,739,114,154,148,171,171
BOE-A-2024-14476,20240715,2024,3,III. Otras disposiciones,"MINISTERIO DE ASUNTOS EXTERIORES, UNIÓN EUROPEA Y COOPERACIÓN",10373,1543,2096,1963,2302,2232
BOE-A-2024-14493,20240715,2024,3,III. Otras disposiciones,MINISTERIO DE HACIENDA,5533,834,1203,1137,1294,1410
BOE-A-2024-14513,20240715,2024,3,III. Otras disposiciones,"MINISTERIO DE EDUCACIÓN, FORMACIÓN PROFESIONAL Y DEPORTES",22880,3472,4372,4177,4812,4680
BOE-A-2024-16885,20240815,2024,1,I. Disposiciones generales,COMUNIDAD AUTÓNOMA DE ANDALUCÍA,34281,5141,6590,6091,7485,7188
BOE-A-2024-16886,20240815,2024,1,I. Disposiciones generales,COMUNIDAD AUTÓNOMA DE ANDALUCÍA,28967,4335,5585,5274,5971,5950
BOE-A-2024-16887,20240815,2024,1,I. Disposiciones generales,COMUNIDAD AUTÓNOMA DE ANDALUCÍA,29711,4407,5583,5258,6010,5955
BOE-A-2024-16888,20240815,2024,2A,"II. Autoridades y personal. - A. Nombramientos, situaciones e incidencias",MINISTERIO DEL INTERIOR,2127,310,472,438,513,542
BOE-A-2024-16902,20240815,2024,2B,II. Autoridades y personal. - B. Oposiciones y concursos,ADMINISTRACIÓN LOCAL,1801,259,345,341,419,387
BOE-A-2024-16915,20240815,2024,2B,II. Autoridades y personal. - B. Oposiciones y concursos,ADMINISTRACIÓN LOCAL,930,145,201,193,223,225
BOE-A-2024-16922,20240815,2024,2B,II. Autoridades y personal. - B. Oposiciones y concursos,ADMINISTRACIÓN LOCAL,1203,181,269,252,281,298
BOE-A-2024-16926,20240815,2024,3,III. Otras disposiciones,MINISTERIO PARA LA TRANSICIÓN ECOLÓGICA Y EL RETO DEMOGRÁFICO,34558,5141,7092,6603,7645,7792
BOE-A-2024-16935,20240815,2024,3,III. Otras disposiciones,BANCO DE ESPAÑA,1160,112,400,373,393,545
BOE-A-2024-16937,20240815,2024,3,III. Otras disposiciones,CONSEJO DE TRANSPARENCIA Y BUEN GOBIERNO,10604,1623,2390,2169,2547,2644
BOE-A-2024-20998,20241015,2024,1,I. Disposiciones generales,"MINISTERIO DE ASUNTOS EXTERIORES, UNIÓN EUROPEA Y COOPERACIÓN",226860,31413,54421,50923,55423,63830
BOE-A-2024-20999,20241015,2024,1,I. Disposiciones generales,"MINISTERIO DE EDUCACIÓN, FORMACIÓN PROFESIONAL Y DEPORTES",1461817,205674,296316,271862,326342,311727
BOE-A-2024-21004,20241015,2024,2A,"II. Autoridades y personal. - A. Nombramientos, situaciones e incidencias","MINISTERIO DE AGRICULTURA, PESCA Y ALIMENTACIÓN",3026,447,705,606,739,750
BOE-A-2024-21010,20241015,2024,2A,"II. Autoridades y personal. - A. Nombramientos, situaciones e incidencias",UNIVERSIDADES,1273,184,318,295,332,352
BOE-A-2024-21014,20241015,2024,2A,"II. Autoridades y personal. - A. Nombramientos, situaciones e incidencias",UNIVERSIDADES,3316,483,872,771,881,901
BOE-A-2024-21027,20241015,2024,2B,II. Autoridades y personal. - B. Oposiciones y concursos,COMISIÓN NACIONAL DE LOS MERCADOS Y LA COMPETENCIA,4255,647,846,801,959,950
BOE-A-2024-21033,20241015,2024,2B,II. Autoridades y personal. - B. Oposiciones y concursos,ADMINISTRACIÓN LOCAL,814,129,169,162,189,185
BOE-A-2024-21047,20241015,2024,2B,II. Autoridades y personal. - B. Oposiciones y concursos,ADMINISTRACIÓN LOCAL,721,115,154,151,170,170
BOE-A-2024-21095,20241015,2024,3,III. Otras disposiciones,MINISTERIO DE DEFENSA,18475,2816,3681,3457,4011,3989
BOE-A-2024-21114,20241015,2024,3,III. Otras disposiciones,MINISTERIO DE SANIDAD,27648,3939,5702,5263,6144,6012
BOE-A-2024-23756,20241115,2024,1,I. Disposiciones generales,MINISTERIO DE HACIENDA,18340,2737,3494,3273,3893,3937
BOE-A-2024-23758,20241115,2024,1,I. Disposiciones generales,"MINISTERIO DE ECONOMÍA, COMERCIO Y EMPRESA",10200,1547,2607,2373,2717,3277
BOE-A-2024-23764,20241115,2024,2A,"II. Autoridades y personal. - A. Nombramientos, situaciones e incidencias","MINISTERIO DE EDUCACIÓN, FORMACIÓN PROFESIONAL Y DEPORTES",25682,2098,13239,9864,10223,14344
BOE-A-2024-23768,20241115,2024,2A,"II. Autoridades y personal. - A. Nombramientos, situaciones e incidencias",MINISTERIO PARA LA TRANSFORMACIÓN DIGITAL Y DE LA FUNCIÓN PÚBLICA,6912,1001,1962,1543,1898,2025
BOE-A-2024-23775,20241115,2024,2A,"II. Autoridades y personal. - A. Nombramientos, situaciones e incidencias",UNIVERSIDADES,2188,317,466,427,516,524
BOE-A-2024-23797,20241115,2024,2B,II. Autoridades y personal. - B. Oposiciones y concursos,ADMINISTRACIÓN LOCAL,741,112,156,147,182,170
BOE-A-2024-23815,20241115,2024,2B,II. Autoridades y personal. - B. Oposiciones y concursos,ADMINISTRACIÓN LOCAL,740,119,168,159,176,180
BOE-A-2024-23846,20241115,2024,3,III. Otras disposiciones,"MINISTERIO DE LA PRESIDENCIA, JUSTICIA Y RELACIONES CON LAS CORTES",572,97,140,138,147,147
BOE-A-2024-23858,20241115,2024,3,III. Otras disposiciones,"MINISTERIO DE DERECHOS SOCIALES, CONSUMO Y AGENDA 2030",12890,1946,2768,2528,2962,3016
BOE-A-2025-588,20250115,2025,1,I. Disposiciones generales,"MINISTERIO DE ECONOMÍA, COMERCIO Y EMPRESA",61881,9798,12204,11427,13596,13363
BOE-A-2025-589,20250115,2025,1,I. Disposiciones generales,"MINISTERIO DE ECONOMÍA, COMERCIO Y EMPRESA",7270,1128,1586,1461,1718,1739
BOE-A-2025-590,20250115,2025,1,I. Disposiciones generales,COMUNIDAD AUTÓNOMA DE GALICIA,39824,6052,7346,7055,7913,7682
BOE-A-2025-600,20250115,2025,2A,"II. Autoridades y personal. - A. Nombramientos, situaciones e incidencias","MINISTERIO DE LA PRESIDENCIA, JUSTICIA Y RELACIONES CON LAS CORTES",771,123,185,174,193,219
BOE-A-2025-602,20250115,2025,2A,"II. Autoridades y personal. - A. Nombramientos, situaciones e incidencias","MINISTERIO DE LA PRESIDENCIA, JUSTICIA Y RELACIONES CON LAS CORTES",799,127,191,180,201,228
BOE-A-2025-613,20250115,2025,2A,"II. Autoridades y personal. - A. Nombramientos, situaciones e incidencias",MINISTERIO DE VIVIENDA Y AGENDA URBANA,2784,421,673,579,689,740
BOE-A-2025-629,20250115,2025,2B,II. Autoridades y personal. - B. Oposiciones y concursos,ADMINISTRACIÓN LOCAL,836,128,177,160,196,191
BOE-A-2025-631,20250115,2025,2B,II. Autoridades y personal. - B. Oposiciones y concursos,ADMINISTRACIÓN LOCAL,388,58,97,93,101,118
BOE-A-2025-636,20250115,2025,3,III. Otras disposiciones,MINISTERIO DE TRANSPORTES Y MOVILIDAD SOSTENIBLE,129841,19711,25220,23621,27918,27519
BOE-A-2025-638,20250115,2025,3,III. Otras disposiciones,"MINISTERIO DE CIENCIA, INNOVACIÓN Y UNIVERSIDADES",130688,19230,26154,24681,28473,29413
BOE-A-2025-2867,20250215,2025,1,I. Disposiciones generales,CORTES GENERALES,556,85,127,123,139,152
BOE-A-2025-2869,20250215,2025,1,I. Disposiciones generales,MINISTERIO DE HACIENDA,6994,848,2678,2400,2193,2991
BOE-A-2025-2870,20250215,2025,1,I. Disposiciones generales,MINISTERIO PARA LA TRANSFORMACIÓN DIGITAL Y DE LA FUNCIÓN PÚBLICA,29985,4526,5875,5518,6405,6298
BOE-A-2025-2872,20250215,2025,2A,"II. Autoridades y personal. - A. Nombramientos, situaciones e incidencias",CONSEJO GENERAL DEL PODER JUDICIAL,746,121,179,167,183,205
BOE-A-2025-2873,20250215,2025,2A,"II. Autoridades y personal. - A. Nombramientos, situaciones e incidencias","MINISTERIO DE LA PRESIDENCIA, JUSTICIA Y RELACIONES CON LAS CORTES",3341,476,767,698,785,875
BOE-A-2025-2875,20250215,2025,2A,"II. Autoridades y personal. - A. Nombramientos, situaciones e incidencias",UNIVERSIDADES,2405,351,543,487,612,620
BOE-A-2025-2900,20250215,2025,2B,II. Autoridades y personal. - B. Oposiciones y concursos,ADMINISTRACIÓN LOCAL,813,125,170,154,190,183
BOE-A-2025-2917,20250215,2025,2B,II. Autoridades y personal. - B. Oposiciones y concursos,ADMINISTRACIÓN LOCAL,814,128,173,159,189,185
BOE-A-2025-2939,20250215,2025,3,III. Otras disposiciones,"MINISTERIO DE LA PRESIDENCIA, JUSTICIA Y RELACIONES CON LAS CORTES",13844,2131,2821,2626,3123,3067
BOE-A-2025-2955,20250215,2025,3,III. Otras disposiciones,MINISTERIO DEL INTERIOR,20857,3155,4035,3824,4447,4437
BOE-A-2025-7588,20250415,2025,1,I. Disposiciones generales,"MINISTERIO DE EDUCACIÓN, FORMACIÓN PROFESIONAL Y DEPORTES",688479,92988,146681,130905,157602,157512
BOE-A-2025-7591,20250415,2025,1,I. Disposiciones generales,COMUNIDAD AUTÓNOMA DE CATALUÑA,2236,341,542,495,545,627
BOE-A-2025-7592,20250415,2025,1,I. Disposiciones generales,COMUNIDAD AUTÓNOMA DE CANARIAS,38952,6043,7927,7340,8714,8870
BOE-A-2025-7598,20250415,2025,2A,"II. Autoridades y personal. - A. Nombramientos, situaciones e incidencias",MINISTERIO DEL INTERIOR,4019,615,877,812,941,1036
BOE-A-2025-7601,20250415,2025,2A,"II. Autoridades y personal. - A. Nombramientos, situaciones e incidencias",MINISTERIO PARA LA TRANSICIÓN ECOLÓGICA Y EL RETO DEMOGRÁFICO,925,144,202,185,228,218
BOE-A-2025-7604,20250415,2025,2A,"II. Autoridades y personal. - A. Nombramientos, situaciones e incidencias",MINISTERIO PARA LA TRANSFORMACIÓN DIGITAL Y DE LA FUNCIÓN PÚBLICA,2613,393,549,511,583,630
BOE-A-2025-7616,20250415,2025,2B,II. Autoridades y personal. - B. Oposiciones y concursos,ADMINISTRACIÓN LOCAL,765,122,164,152,181,176
BOE-A-2025-7626,20250415,2025,2B,II. Autoridades y personal. - B. Oposiciones y concursos,UNIVERSIDADES,54810,7960,11110,10316,12186,12026
BOE-A-2025-7631,20250415,2025,3,III. Otras disposiciones,"MINISTERIO DE LA PRESIDENCIA, JUSTICIA Y RELACIONES CON LAS CORTES",1628,238,381,355,427,413
BOE-A-2025-7655,20250415,2025,3,III. Otras disposiciones,"MINISTERIO DE CIENCIA, INNOVACIÓN Y UNIVERSIDADES",80173,11880,17359,15789,17831,17920
BOE-A-2025-9479,20250515,2025,1,I. Disposiciones generales,"MINISTERIO DE EDUCACIÓN, FORMACIÓN PROFESIONAL Y DEPORTES",646,95,177,167,174,200
BOE-A-2025-9480,20250515,2025,1,I. Disposiciones generales,COMISIÓN NACIONAL DE LOS MERCADOS Y LA COMPETENCIA,2226,340,505,478,547,635
BOE-A-2025-9483,20250515,2025,2A,"II. Autoridades y personal. - A. Nombramientos, situaciones e incidencias","MINISTERIO DE LA PRESIDENCIA, JUSTICIA Y RELACIONES CON LAS CORTES",2680,398,585,533,615,668
BOE-A-2025-9503,20250515,2025,2A,"II. Autoridades y personal. - A. Nombramientos, situaciones e incidencias",UNIVERSIDADES,3179,478,670,621,723,765
BOE-A-2025-9521,20250515,2025,2B,II. Autoridades y personal. - B. Oposiciones y concursos,ADMINISTRACIÓN LOCAL,715,112,147,139,165,163
BOE-A-2025-9540,20250515,2025,2B,II. Autoridades y personal. - B. Oposiciones y concursos,ADMINISTRACIÓN LOCAL,769,118,159,152,185,175
BOE-A-2025-9596,20250515,2025,3,III. Otras disposiciones,"MINISTERIO DE LA PRESIDENCIA, JUSTICIA Y RELACIONES CON LAS CORTES",8669,1277,1930,1839,2066,2081
BOE-A-2025-9621,20250515,2025,3,III. Otras disposiciones,MINISTERIO PARA LA TRANSICIÓN ECOLÓGICA Y EL RETO DEMOGRÁFICO,31730,4745,6187,5773,6696,6601
BOE-A-2025-9630,20250515,2025,T,T.C. Sección del Tribunal Constitucional,TRIBUNAL CONSTITUCIONAL,27295,4319,5832,5391,6415,6297
BOE-A-2025-9635,20250515,2025,T,T.C. Sección del Tribunal Constitucional,TRIBUNAL CONSTITUCIONAL,16444,2555,3696,3382,3941,4162
BOE-A-2025-14591,20250715,2025,1,I. Disposiciones generales,TRIBUNAL CONSTITUCIONAL,723,106,152,140,168,178
BOE-A-2025-14594,20250715,2025,1,I. Disposiciones generales,TRIBUNAL CONSTITUCIONAL,575,81,118,110,129,140
BOE-A-2025-14599,20250715,2025,1,I. Disposiciones generales,"MINISTERIO DE ASUNTOS EXTERIORES, UNIÓN EUROPEA Y COOPERACIÓN",702,107,189,167,186,209
BOE-A-2025-14605,20250715,2025,2A,"II. Autoridades y personal. - A. Nombramientos, situaciones e incidencias",CONSEJO GENERAL DEL PODER JUDICIAL,578,92,145,132,151,161
BOE-A-2025-14609,20250715,2025,2A,"II. Autoridades y personal. - A. Nombramientos, situaciones e incidencias",MINISTERIO DE DEFENSA,48257,6742,21931,14621,18878,21239
BOE-A-2025-14614,20250715,2025,2A,"II. Autoridades y personal. - A. Nombramientos, situaciones e incidencias",COMUNIDAD AUTÓNOMA DE LAS ILLES BALEARS,1101,170,239,213,257,260
BOE-A-2025-14618,20250715,2025,2B,II. Autoridades y personal. - B. Oposiciones y concursos,"MINISTERIO DE ASUNTOS EXTERIORES, UNIÓN EUROPEA Y COOPERACIÓN",15982,2432,3340,3089,3586,3553
BOE-A-2025-14655,20250715,2025,2B,II. Autoridades y personal. - B. Oposiciones y concursos,ADMINISTRACIÓN LOCAL,765,121,159,152,178,177
BOE-A-2025-14685,20250715,2025,3,III. Otras disposiciones,MINISTERIO PARA LA TRANSICIÓN ECOLÓGICA Y EL RETO DEMOGRÁFICO,2134,281,553,511,568,718
BOE-A-2025-14687,20250715,2025,3,III. Otras disposiciones,"MINISTERIO DE DERECHOS SOCIALES, CONSUMO Y AGENDA 2030",29728,4555,5744,5436,6324,6205
BOE-A-2025-16905,20250815,2025,1,I. Disposiciones generales,COMUNIDAD AUTÓNOMA DE CATALUÑA,32162,4864,6156,5804,6683,6635
BOE-A-2025-16907,20250815,2025,1,I. Disposiciones generales,COMUNIDAD AUTÓNOMA DE CATALUÑA,27484,4172,5370,5030,5866,5827
BOE-A-2025-16908,20250815,2025,1,I. Disposiciones generales,COMUNIDAD AUTÓNOMA DE ARAGÓN,22562,3231,4233,3907,4896,4620
BOE-A-2025-16909,20250815,2025,2A,"II. Autoridades y personal. - A. Nombramientos, situaciones e incidencias",CONSEJO GENERAL DEL PODER JUDICIAL,747,118,183,165,194,209
BOE-A-2025-16910,20250815,2025,2A,"II. Autoridades y personal. - A. Nombramientos, situaciones e incidencias",CONSEJO GENERAL DEL PODER JUDICIAL,913,149,214,197,226,249
BOE-A-2025-16911,20250815,2025,2B,II. Autoridades y personal. - B. Oposiciones y concursos,MINISTERIO DE DEFENSA,27427,2426,14210,9796,10740,13806
BOE-A-2025-16914,20250815,2025,2B,II. Autoridades y personal. - B. Oposiciones y concursos,ADMINISTRACIÓN LOCAL,2721,399,532,482,601,561
BOE-A-2025-16916,20250815,2025,2B,II. Autoridades y personal. - B. Oposiciones y concursos,ADMINISTRACIÓN LOCAL,908,143,193,183,216,216
BOE-A-2025-16930,20250815,2025,3,III. Otras disposiciones,MINISTERIO DE POLÍTICA TERRITORIAL Y MEMORIA DEMOCRÁTICA,35475,5329,7095,6789,7739,7772
BOE-A-2025-16940,20250815,2025,3,III. Otras disposiciones,UNIVERSIDADES,4029,534,1103,827,1131,1104
BOE-A-2025-20582,20251015,2025,1,I. Disposiciones generales,CORTES GENERALES,520,81,120,116,131,147
BOE-A-2025-20583,20251015,2025,1,I. Disposiciones generales,"MINISTERIO DE AGRICULTURA, PESCA Y ALIMENTACIÓN",98342,15127,20541,19223,22561,22413
BOE-A-2025-20587,20251015,2025,2A,"II. Autoridades y personal. - A. Nombramientos, situaciones e incidencias",CONSEJO GENERAL DEL PODER JUDICIAL,770,122,191,166,187,194
BOE-A-2025-20599,20251015,2025,2A,"II. Autoridades y personal. - A. Nombramientos, situaciones e incidencias","MINISTERIO DE CIENCIA, INNOVACIÓN Y UNIVERSIDADES",37267,4568,15480,9599,13023,14892
BOE-A-2025-20601,20251015,2025,2A,"II. Autoridades y personal. - A. Nombramientos, situaciones e incidencias",UNIVERSIDADES,3320,464,798,729,848,890
BOE-A-2025-20635,20251015,2025,2B,II. Autoridades y personal. - B. Oposiciones y concursos,ADMINISTRACIÓN LOCAL,733,115,150,143,168,167
BOE-A-2025-20642,20251015,2025,2B,II. Autoridades y personal. - B. Oposiciones y concursos,ADMINISTRACIÓN LOCAL,761,120,160,153,180,176
BOE-A-2025-20657,20251015,2025,2B,II. Autoridades y personal. - B. Oposiciones y concursos,ADMINISTRACIÓN LOCAL,1083,169,229,220,252,264
BOE-A-2025-20687,20251015,2025,3,III. Otras disposiciones,BANCO DE ESPAÑA,1162,112,399,373,387,546
BOE-A-2025-20689,20251015,2025,3,III. Otras disposiciones,UNIVERSIDADES,39066,4977,9341,8027,9812,10782
BOE-A-2025-23134,20251115,2025,1,I. Disposiciones generales,MINISTERIO DE HACIENDA,4094,528,1544,1376,1243,1606
BOE-A-2025-23135,20251115,2025,1,I. Disposiciones generales,COMUNIDAD AUTÓNOMA DE CATALUÑA,13213,1901,2714,2517,2839,3163
BOE-A-2025-23136,20251115,2025,1,I. Disposiciones generales,COMUNIDAD AUTÓNOMA DE CATALUÑA,22279,3364,4238,4053,4637,4581
BOE-A-2025-23146,20251115,2025,2A,"II. Autoridades y personal. - A. Nombramientos, situaciones e incidencias",UNIVERSIDADES,2655,407,581,526,635,649
BOE-A-2025-23152,20251115,2025,2A,"II. Autoridades y personal. - A. Nombramientos, situaciones e incidencias",UNIVERSIDADES,1118,165,251,227,270,276
BOE-A-2025-23153,20251115,2025,2A,"II. Autoridades y personal. - A. Nombramientos, situaciones e incidencias",UNIVERSIDADES,3513,522,748,681,822,812
BOE-A-2025-23178,20251115,2025,2B,II. Autoridades y personal. - B. Oposiciones y concursos,ADMINISTRACIÓN LOCAL,864,141,187,181,202,203
BOE-A-2025-23180,20251115,2025,2B,II. Autoridades y personal. - B. Oposiciones y concursos,ADMINISTRACIÓN LOCAL,900,144,194,183,211,213
BOE-A-2025-23198,20251115,2025,3,III. Otras disposiciones,"MINISTERIO DE ECONOMÍA, COMERCIO Y EMPRESA",34008,5156,6640,6217,7237,6992
BOE-A-2025-23207,20251115,2025,3,III. Otras disposiciones,MINISTERIO PARA LA TRANSFORMACIÓN DIGITAL Y DE LA FUNCIÓN PÚBLICA,1409,202,312,293,331,361
